timestamp_iso,unix_ts,speaker_id,lock_state,confidence,status,pan_command,tilt_command,pan_angle,tilt_angle,face_x,face_y
2026-06-12T14:58:11.163,1781269091,nicole,TRACKING,0.8646,CENTERED,CENTERED,CENTERED,90.3,95.4,634,432
2026-06-12T14:58:11.238,1781269091,nicole,TRACKING,0.8852,MOVE_DOWN,CENTERED,DOWN,90.2,99.5,640,436
2026-06-12T14:58:11.322,1781269091,nicole,TRACKING,0.8762,MOVE_DOWN,CENTERED,DOWN,90.0,102.6,644,439
2026-06-12T14:58:11.438,1781269091,nicole,TRACKING,0.8632,MOVE_DOWN,CENTERED,DOWN,89.8,104.6,643,438
2026-06-12T14:58:11.516,1781269091,nicole,TRACKING,0.87,MOVE_DOWN,CENTERED,DOWN,89.7,105.7,645,433
2026-06-12T14:58:11.607,1781269091,nicole,TRACKING,0.8589,CENTERED,CENTERED,CENTERED,89.5,106.3,646,431
2026-06-12T14:58:11.715,1781269091,nicole,TRACKING,0.8825,CENTERED,CENTERED,CENTERED,89.5,105.8,644,418
2026-06-12T14:58:11.814,1781269091,nicole,TRACKING,0.7746,CENTERED,CENTERED,CENTERED,89.1,105.2,652,416
2026-06-12T14:58:11.908,1781269091,nicole,TRACKING,0.7506,CENTERED,CENTERED,CENTERED,88.5,103.1,662,393
2026-06-12T14:58:12.007,1781269092,nicole,TRACKING,0.9097,CENTERED,CENTERED,CENTERED,87.5,100.6,674,378
2026-06-12T14:58:12.117,1781269092,nicole,TRACKING,0.9295,CENTERED,CENTERED,CENTERED,86.6,98.2,678,371
2026-06-12T14:58:12.214,1781269092,nicole,TRACKING,0.9271,CENTERED,CENTERED,CENTERED,86.0,96.5,680,370
2026-06-12T14:58:12.310,1781269092,nicole,TRACKING,0.9215,CENTERED,CENTERED,CENTERED,85.7,95.4,676,371
2026-06-12T14:58:12.407,1781269092,nicole,TRACKING,0.9243,CENTERED,CENTERED,CENTERED,85.4,94.5,678,370
2026-06-12T14:58:12.520,1781269092,nicole,TRACKING,0.9165,CENTERED,CENTERED,CENTERED,84.9,93.8,683,368
2026-06-12T14:58:12.612,1781269092,nicole,TRACKING,0.9148,CENTERED,CENTERED,CENTERED,84.7,93.0,682,365
2026-06-12T14:58:12.713,1781269092,nicole,TRACKING,0.9228,CENTERED,CENTERED,CENTERED,84.4,92.1,684,360
2026-06-12T14:58:12.821,1781269092,nicole,TRACKING,0.8885,CENTERED,CENTERED,CENTERED,84.1,91.5,687,360
2026-06-12T14:58:12.917,1781269092,nicole,TRACKING,0.8967,CENTERED,CENTERED,CENTERED,84.0,91.0,685,360
2026-06-12T14:58:13.015,1781269093,nicole,TRACKING,0.8966,CENTERED,CENTERED,CENTERED,83.9,90.7,685,360
2026-06-12T14:58:13.125,1781269093,nicole,TRACKING,0.8975,CENTERED,CENTERED,CENTERED,83.9,90.5,684,360
2026-06-12T14:58:13.240,1781269093,nicole,TRACKING,0.892,CENTERED,CENTERED,CENTERED,83.8,90.4,685,360
2026-06-12T14:58:13.321,1781269093,nicole,TRACKING,0.8866,CENTERED,CENTERED,CENTERED,83.8,90.2,684,360
2026-06-12T14:58:13.413,1781269093,nicole,TRACKING,0.8976,CENTERED,CENTERED,CENTERED,83.8,90.2,685,360
2026-06-12T14:58:13.527,1781269093,nicole,TRACKING,0.8963,CENTERED,CENTERED,CENTERED,83.7,90.1,686,360
2026-06-12T14:58:13.630,1781269093,nicole,TRACKING,0.8867,CENTERED,CENTERED,CENTERED,83.6,90.2,687,361
2026-06-12T14:58:13.720,1781269093,nicole,TRACKING,0.8754,CENTERED,CENTERED,CENTERED,83.5,90.7,687,368
2026-06-12T14:58:13.814,1781269093,nicole,TRACKING,0.8239,CENTERED,CENTERED,CENTERED,84.0,91.5,676,374
2026-06-12T14:58:13.926,1781269093,nicole,TRACKING,0.8648,CENTERED,CENTERED,CENTERED,84.5,92.8,671,383
2026-06-12T14:58:14.025,1781269094,nicole,TRACKING,0.8647,CENTERED,CENTERED,CENTERED,84.6,93.5,675,380
2026-06-12T14:58:14.119,1781269094,nicole,TRACKING,0.8759,CENTERED,CENTERED,CENTERED,84.9,94.2,673,384
2026-06-12T14:58:14.231,1781269094,nicole,TRACKING,0.8683,CENTERED,CENTERED,CENTERED,85.2,95.0,669,387
2026-06-12T14:58:14.324,1781269094,nicole,TRACKING,0.8714,CENTERED,CENTERED,CENTERED,85.3,95.2,671,383
2026-06-12T14:58:14.423,1781269094,nicole,TRACKING,0.8614,CENTERED,CENTERED,CENTERED,85.3,95.3,673,382
2026-06-12T14:58:14.517,1781269094,nicole,TRACKING,0.8591,CENTERED,CENTERED,CENTERED,85.4,95.4,671,383
2026-06-12T14:58:14.631,1781269094,nicole,TRACKING,0.8666,CENTERED,CENTERED,CENTERED,85.4,95.7,672,385
2026-06-12T14:58:14.740,1781269094,nicole,TRACKING,0.866,CENTERED,CENTERED,CENTERED,85.4,95.5,673,380
2026-06-12T14:58:14.825,1781269094,nicole,TRACKING,0.8538,CENTERED,CENTERED,CENTERED,85.4,95.6,672,384
2026-06-12T14:58:14.942,1781269094,nicole,TRACKING,0.8616,CENTERED,CENTERED,CENTERED,85.4,95.5,674,381
2026-06-12T14:58:15.028,1781269095,nicole,TRACKING,0.8649,CENTERED,CENTERED,CENTERED,85.4,95.4,672,381
2026-06-12T14:58:15.142,1781269095,nicole,TRACKING,0.8593,CENTERED,CENTERED,CENTERED,85.4,95.3,672,380
2026-06-12T14:58:15.240,1781269095,nicole,TRACKING,0.8668,CENTERED,CENTERED,CENTERED,85.4,95.4,674,382
2026-06-12T14:58:15.332,1781269095,nicole,TRACKING,0.8563,CENTERED,CENTERED,CENTERED,85.3,95.5,674,383
2026-06-12T14:58:15.458,1781269095,nicole,TRACKING,0.8739,CENTERED,CENTERED,CENTERED,85.1,95.5,678,382
2026-06-12T14:58:15.528,1781269095,nicole,TRACKING,0.87,CENTERED,CENTERED,CENTERED,84.8,95.6,682,383
2026-06-12T14:58:15.638,1781269095,nicole,TRACKING,0.9234,CENTERED,CENTERED,CENTERED,84.2,96.1,692,390
2026-06-12T14:58:15.733,1781269095,nicole,TRACKING,0.9233,CENTERED,CENTERED,CENTERED,83.6,96.4,694,388
2026-06-12T14:58:15.833,1781269095,nicole,TRACKING,0.9269,CENTERED,CENTERED,CENTERED,83.4,96.6,692,388
2026-06-12T14:58:15.944,1781269095,nicole,TRACKING,0.9315,CENTERED,CENTERED,CENTERED,83.2,96.8,691,389
2026-06-12T14:58:16.044,1781269096,nicole,TRACKING,0.9287,CENTERED,CENTERED,CENTERED,83.2,97.4,689,395
2026-06-12T14:58:16.142,1781269096,nicole,TRACKING,0.9236,CENTERED,CENTERED,CENTERED,83.3,97.6,686,392
2026-06-12T14:58:16.242,1781269096,nicole,TRACKING,0.9152,CENTERED,CENTERED,CENTERED,83.3,97.7,687,392
2026-06-12T14:58:16.342,1781269096,nicole,TRACKING,0.9245,CENTERED,CENTERED,CENTERED,83.3,97.9,688,394
2026-06-12T14:58:16.446,1781269096,nicole,TRACKING,0.9256,CENTERED,CENTERED,CENTERED,83.2,98.0,689,393
2026-06-12T14:58:16.535,1781269096,nicole,TRACKING,0.9232,CENTERED,CENTERED,CENTERED,83.2,97.8,690,389
2026-06-12T14:58:16.670,1781269096,nicole,TRACKING,0.9346,CENTERED,CENTERED,CENTERED,83.4,98.1,684,395
2026-06-12T14:58:16.756,1781269096,nicole,TRACKING,0.8958,CENTERED,CENTERED,CENTERED,83.7,98.4,678,397
2026-06-12T14:58:16.857,1781269096,nicole,TRACKING,0.5946,CENTERED,CENTERED,CENTERED,85.0,98.5,654,394
2026-06-12T14:58:16.950,1781269096,nicole,TRACKING,0.6497,CENTERED,CENTERED,CENTERED,89.2,97.9,576,386
2026-06-12T14:58:17.046,1781269097,nicole,TRACKING,0.7319,CENTERED,CENTERED,CENTERED,93.6,98.1,541,394
2026-06-12T14:58:17.146,1781269097,nicole,TRACKING,0.5981,MOVE_LEFT,LEFT,CENTERED,98.8,98.9,492,404
2026-06-12T14:58:17.543,1781269097,nicole,TRACKING,0.6745,MOVE_LEFT,LEFT,CENTERED,111.5,101.5,275,430
2026-06-12T14:58:17.958,1781269097,nicole,TRACKING,0.6021,MOVE_LEFT_DOWN,LEFT,DOWN,123.6,105.5,200,459
2026-06-12T14:58:19.215,1781269099,nicole,REACQUIRING,0.0,SEARCH,SCAN,SCAN,153.4,115.6,,
2026-06-12T14:58:19.314,1781269099,nicole,REACQUIRING,0.0,SEARCH,SCAN,SCAN,154.9,116.5,,
2026-06-12T14:58:19.422,1781269099,nicole,REACQUIRING,0.0,SEARCH,SCAN,SCAN,156.4,117.4,,
2026-06-12T14:58:19.522,1781269099,nicole,REACQUIRING,0.0,SEARCH,SCAN,SCAN,157.9,118.3,,
2026-06-12T14:58:19.610,1781269099,nicole,REACQUIRING,0.0,SEARCH,SCAN,SCAN,159.4,119.2,,
2026-06-12T14:58:19.729,1781269099,nicole,REACQUIRING,0.0,SEARCH,SCAN,SCAN,160.9,120.1,,
2026-06-12T14:58:19.824,1781269099,nicole,REACQUIRING,0.0,SEARCH,SCAN,SCAN,162.4,121.0,,
2026-06-12T14:58:19.922,1781269099,nicole,REACQUIRING,0.0,SEARCH,SCAN,SCAN,163.9,121.9,,
2026-06-12T14:58:20.020,1781269100,nicole,REACQUIRING,0.0,SEARCH,SCAN,SCAN,165.4,122.8,,
2026-06-12T14:58:20.133,1781269100,nicole,REACQUIRING,0.0,SEARCH,SCAN,SCAN,166.9,123.7,,
2026-06-12T14:58:20.228,1781269100,nicole,REACQUIRING,0.0,SEARCH,SCAN,SCAN,168.4,124.6,,
2026-06-12T14:58:20.322,1781269100,nicole,REACQUIRING,0.0,SEARCH,SCAN,SCAN,169.9,125.5,,
2026-06-12T14:58:20.431,1781269100,nicole,REACQUIRING,0.0,SEARCH,SCAN,SCAN,171.4,126.4,,
2026-06-12T14:58:20.529,1781269100,nicole,REACQUIRING,0.0,SEARCH,SCAN,SCAN,172.9,127.3,,
2026-06-12T14:58:20.619,1781269100,nicole,REACQUIRING,0.0,SEARCH,SCAN,SCAN,174.4,128.2,,
2026-06-12T14:58:20.723,1781269100,nicole,REACQUIRING,0.0,SEARCH,SCAN,SCAN,175.9,128.8,,
2026-06-12T14:58:20.832,1781269100,nicole,REACQUIRING,0.0,SEARCH,SCAN,SCAN,177.4,127.8,,
2026-06-12T14:58:20.926,1781269100,nicole,REACQUIRING,0.0,SEARCH,SCAN,SCAN,178.9,126.9,,
2026-06-12T14:58:21.029,1781269101,nicole,REACQUIRING,0.0,SEARCH,SCAN,SCAN,179.9,126.0,,
2026-06-12T14:58:21.144,1781269101,nicole,REACQUIRING,0.0,SEARCH,SCAN,SCAN,178.4,125.1,,
2026-06-12T14:58:21.233,1781269101,nicole,REACQUIRING,0.0,SEARCH,SCAN,SCAN,176.9,124.2,,
2026-06-12T14:58:21.331,1781269101,nicole,REACQUIRING,0.0,SEARCH,SCAN,SCAN,175.4,123.3,,
2026-06-12T14:58:21.428,1781269101,nicole,REACQUIRING,0.0,SEARCH,SCAN,SCAN,173.9,122.4,,
2026-06-12T14:58:21.538,1781269101,nicole,REACQUIRING,0.0,SEARCH,SCAN,SCAN,172.4,121.5,,
2026-06-12T14:58:21.640,1781269101,nicole,REACQUIRING,0.0,SEARCH,SCAN,SCAN,170.9,120.6,,
2026-06-12T14:58:21.739,1781269101,nicole,REACQUIRING,0.0,SEARCH,SCAN,SCAN,169.4,119.7,,
2026-06-12T14:58:21.908,1781269101,nicole,REACQUIRING,0.0,SEARCH,SCAN,SCAN,167.9,118.8,,
2026-06-12T14:58:21.979,1781269101,nicole,TRACKING,0.604,MOVE_LEFT,LEFT,CENTERED,162.1,112.1,222,385
2026-06-12T14:58:22.075,1781269102,nicole,TRACKING,0.6755,MOVE_LEFT,LEFT,CENTERED,157.4,108.0,239,394
2026-06-12T14:58:22.181,1781269102,nicole,TRACKING,0.7527,MOVE_LEFT,LEFT,CENTERED,153.4,104.8,257,389
2026-06-12T14:58:22.276,1781269102,nicole,TRACKING,0.7739,MOVE_LEFT,LEFT,CENTERED,150.0,102.5,270,389
2026-06-12T14:58:22.373,1781269102,nicole,TRACKING,0.7694,MOVE_LEFT,LEFT,CENTERED,147.2,100.5,278,383
2026-06-12T14:58:22.469,1781269102,nicole,TRACKING,0.7778,MOVE_LEFT,LEFT,CENTERED,144.9,99.0,289,382
2026-06-12T14:58:22.595,1781269102,nicole,TRACKING,0.7944,MOVE_LEFT,LEFT,CENTERED,142.8,98.1,298,384
2026-06-12T14:58:22.678,1781269102,nicole,TRACKING,0.8035,MOVE_LEFT,LEFT,CENTERED,141.1,97.5,306,385
2026-06-12T14:58:22.773,1781269102,nicole,TRACKING,0.857,MOVE_LEFT,LEFT,CENTERED,139.6,97.3,311,387
2026-06-12T14:58:22.870,1781269102,nicole,TRACKING,0.8779,MOVE_LEFT,LEFT,CENTERED,138.5,97.2,314,388
2026-06-12T14:58:22.982,1781269102,nicole,TRACKING,0.882,MOVE_LEFT,LEFT,CENTERED,137.8,97.1,312,388
2026-06-12T14:58:23.077,1781269103,nicole,TRACKING,0.8914,MOVE_LEFT,LEFT,CENTERED,137.2,97.1,314,388
2026-06-12T14:58:23.174,1781269103,nicole,TRACKING,0.8908,MOVE_LEFT,LEFT,CENTERED,136.8,97.0,315,387
2026-06-12T14:58:23.287,1781269103,nicole,TRACKING,0.8905,MOVE_LEFT,LEFT,CENTERED,136.4,96.8,316,386
2026-06-12T14:58:23.403,1781269103,nicole,TRACKING,0.8929,MOVE_LEFT,LEFT,CENTERED,136.0,96.7,320,386
2026-06-12T14:58:23.480,1781269103,nicole,TRACKING,0.8608,MOVE_LEFT,LEFT,CENTERED,135.7,96.4,320,383
2026-06-12T14:58:23.594,1781269103,nicole,TRACKING,0.8456,MOVE_LEFT,LEFT,CENTERED,135.6,95.8,318,377
2026-06-12T14:58:23.686,1781269103,nicole,TRACKING,0.8638,MOVE_LEFT,LEFT,CENTERED,135.3,95.4,322,378
2026-06-12T14:58:23.783,1781269103,nicole,TRACKING,0.8409,MOVE_LEFT,LEFT,CENTERED,135.0,95.3,325,380
2026-06-12T14:58:23.878,1781269103,nicole,TRACKING,0.871,MOVE_LEFT,LEFT,CENTERED,134.7,95.3,328,382
2026-06-12T14:58:23.991,1781269103,nicole,TRACKING,0.8928,MOVE_LEFT,LEFT,CENTERED,134.3,95.7,330,386
2026-06-12T14:58:24.085,1781269104,nicole,TRACKING,0.9083,MOVE_LEFT,LEFT,CENTERED,134.1,95.8,331,384
2026-06-12T14:58:24.183,1781269104,nicole,TRACKING,0.887,MOVE_LEFT,LEFT,CENTERED,133.8,95.8,332,384
2026-06-12T14:58:24.321,1781269104,nicole,TRACKING,0.8652,MOVE_LEFT,LEFT,CENTERED,133.8,95.9,329,384
2026-06-12T14:58:24.393,1781269104,nicole,TRACKING,0.8986,MOVE_LEFT,LEFT,CENTERED,133.6,95.6,333,380
2026-06-12T14:58:24.492,1781269104,nicole,TRACKING,0.9058,MOVE_LEFT,LEFT,CENTERED,133.1,95.7,342,383
2026-06-12T14:58:24.585,1781269104,nicole,TRACKING,0.9085,MOVE_LEFT,LEFT,CENTERED,132.3,95.9,352,386
2026-06-12T14:58:24.722,1781269104,nicole,TRACKING,0.8997,MOVE_LEFT,LEFT,CENTERED,131.3,96.2,363,388
2026-06-12T14:58:24.812,1781269104,nicole,TRACKING,0.9002,MOVE_LEFT,LEFT,CENTERED,130.4,96.4,369,387
2026-06-12T14:58:24.887,1781269104,nicole,TRACKING,0.8563,MOVE_LEFT,LEFT,CENTERED,130.0,96.4,362,385
2026-06-12T14:58:25.023,1781269105,nicole,TRACKING,0.8184,MOVE_LEFT,LEFT,CENTERED,130.5,95.9,343,380
2026-06-12T14:58:25.096,1781269105,nicole,TRACKING,0.7773,MOVE_LEFT,LEFT,CENTERED,131.6,95.8,326,382
2026-06-12T14:58:25.201,1781269105,nicole,TRACKING,0.6534,MOVE_LEFT,LEFT,CENTERED,133.4,95.6,302,381
2026-06-12T14:58:25.431,1781269105,nicole,TRACKING,0.5883,MOVE_LEFT,LEFT,CENTERED,135.8,95.7,275,383
2026-06-12T14:58:26.661,1781269106,nicole,REACQUIRING,0.0,SEARCH,SCAN,SCAN,139.8,94.8,,
2026-06-12T14:58:26.768,1781269106,nicole,REACQUIRING,0.0,SEARCH,SCAN,SCAN,138.3,94.0,,
2026-06-12T14:58:26.865,1781269106,nicole,REACQUIRING,0.0,SEARCH,SCAN,SCAN,136.8,93.0,,
2026-06-12T14:58:26.954,1781269106,nicole,REACQUIRING,0.0,SEARCH,SCAN,SCAN,135.3,92.2,,
2026-06-12T14:58:27.078,1781269107,nicole,REACQUIRING,0.0,SEARCH,SCAN,SCAN,133.8,91.2,,
2026-06-12T14:58:27.166,1781269107,nicole,REACQUIRING,0.0,SEARCH,SCAN,SCAN,132.3,90.3,,
2026-06-12T14:58:27.270,1781269107,nicole,REACQUIRING,0.0,SEARCH,SCAN,SCAN,130.8,89.5,,
2026-06-12T14:58:27.367,1781269107,nicole,REACQUIRING,0.0,SEARCH,SCAN,SCAN,129.3,88.5,,
2026-06-12T14:58:27.466,1781269107,nicole,REACQUIRING,0.0,SEARCH,SCAN,SCAN,127.8,87.7,,
2026-06-12T14:58:27.572,1781269107,nicole,REACQUIRING,0.0,SEARCH,SCAN,SCAN,126.3,86.8,,
2026-06-12T14:58:27.666,1781269107,nicole,REACQUIRING,0.0,SEARCH,SCAN,SCAN,124.8,85.8,,
2026-06-12T14:58:27.780,1781269107,nicole,REACQUIRING,0.0,SEARCH,SCAN,SCAN,123.3,85.0,,
2026-06-12T14:58:27.874,1781269107,nicole,REACQUIRING,0.0,SEARCH,SCAN,SCAN,121.8,84.0,,
2026-06-12T14:58:27.970,1781269107,nicole,REACQUIRING,0.0,SEARCH,SCAN,SCAN,120.3,83.1,,
2026-06-12T14:58:28.080,1781269108,nicole,REACQUIRING,0.0,SEARCH,SCAN,SCAN,118.8,82.2,,
2026-06-12T14:58:28.181,1781269108,nicole,REACQUIRING,0.0,SEARCH,SCAN,SCAN,117.3,81.8,,
2026-06-12T14:58:28.273,1781269108,nicole,REACQUIRING,0.0,SEARCH,SCAN,SCAN,115.8,82.7,,
2026-06-12T14:58:28.372,1781269108,nicole,REACQUIRING,0.0,SEARCH,SCAN,SCAN,114.3,83.5,,
2026-06-12T14:58:28.483,1781269108,nicole,REACQUIRING,0.0,SEARCH,SCAN,SCAN,113.3,84.5,,
2026-06-12T14:58:28.582,1781269108,nicole,REACQUIRING,0.0,SEARCH,SCAN,SCAN,114.8,85.3,,
2026-06-12T14:58:28.673,1781269108,nicole,REACQUIRING,0.0,SEARCH,SCAN,SCAN,116.3,86.2,,
2026-06-12T14:58:28.782,1781269108,nicole,REACQUIRING,0.0,SEARCH,SCAN,SCAN,117.8,87.2,,
2026-06-12T14:58:28.877,1781269108,nicole,REACQUIRING,0.0,SEARCH,SCAN,SCAN,119.3,88.0,,
2026-06-12T14:58:28.979,1781269108,nicole,REACQUIRING,0.0,SEARCH,SCAN,SCAN,120.8,89.0,,
2026-06-12T14:58:29.073,1781269109,nicole,REACQUIRING,0.0,SEARCH,SCAN,SCAN,122.3,89.9,,
2026-06-12T14:58:29.188,1781269109,nicole,REACQUIRING,0.0,SEARCH,SCAN,SCAN,123.8,90.8,,
2026-06-12T14:58:29.282,1781269109,nicole,REACQUIRING,0.0,SEARCH,SCAN,SCAN,125.3,91.7,,
2026-06-12T14:58:29.375,1781269109,nicole,REACQUIRING,0.0,SEARCH,SCAN,SCAN,126.8,92.5,,
2026-06-12T14:58:29.482,1781269109,nicole,REACQUIRING,0.0,SEARCH,SCAN,SCAN,128.3,93.5,,
2026-06-12T14:58:29.588,1781269109,nicole,REACQUIRING,0.0,SEARCH,SCAN,SCAN,129.8,94.4,,
2026-06-12T14:58:29.681,1781269109,nicole,REACQUIRING,0.0,SEARCH,SCAN,SCAN,131.3,95.2,,
2026-06-12T14:58:29.777,1781269109,nicole,REACQUIRING,0.0,SEARCH,SCAN,SCAN,132.8,96.2,,
2026-06-12T14:58:29.891,1781269109,nicole,REACQUIRING,0.0,SEARCH,SCAN,SCAN,134.3,97.0,,
2026-06-12T14:58:29.993,1781269109,nicole,REACQUIRING,0.0,SEARCH,SCAN,SCAN,135.8,98.0,,
2026-06-12T14:58:30.152,1781269110,nicole,REACQUIRING,0.0,SEARCH,SCAN,SCAN,137.3,98.9,,
2026-06-12T14:58:30.231,1781269110,nicole,REACQUIRING,0.0,SEARCH,SCAN,SCAN,138.8,99.8,,
2026-06-12T14:58:30.325,1781269110,nicole,TRACKING,0.6217,MOVE_LEFT_DOWN,LEFT,DOWN,137.9,105.0,314,469
2026-06-12T14:58:30.637,1781269110,nicole,TRACKING,0.6558,MOVE_LEFT_DOWN,LEFT,DOWN,131.6,108.1,449,461
2026-06-12T14:58:30.753,1781269110,nicole,TRACKING,0.6458,MOVE_LEFT_DOWN,LEFT,DOWN,125.5,110.5,489,464
2026-06-12T14:58:30.826,1781269110,nicole,TRACKING,0.691,MOVE_DOWN,CENTERED,DOWN,120.0,112.0,519,463
2026-06-12T14:58:30.937,1781269110,nicole,TRACKING,0.7377,MOVE_DOWN,CENTERED,DOWN,114.7,113.5,551,467
2026-06-12T14:58:31.052,1781269111,nicole,TRACKING,0.7958,MOVE_DOWN,CENTERED,DOWN,110.3,114.0,570,461
2026-06-12T14:58:31.151,1781269111,nicole,TRACKING,0.7892,MOVE_DOWN,CENTERED,DOWN,106.5,114.8,585,467
2026-06-12T14:58:31.230,1781269111,nicole,TRACKING,0.5692,MOVE_DOWN,CENTERED,DOWN,104.1,114.9,580,461
2026-06-12T14:58:31.333,1781269111,nicole,TRACKING,0.6105,MOVE_DOWN,CENTERED,DOWN,103.4,117.1,555,488
2026-06-12T14:58:31.464,1781269111,nicole,TRACKING,0.6903,MOVE_DOWN,CENTERED,DOWN,103.4,118.2,546,484
2026-06-12T14:58:31.554,1781269111,nicole,TRACKING,0.687,MOVE_DOWN,CENTERED,DOWN,103.1,119.1,551,484
2026-06-12T14:58:31.646,1781269111,nicole,TRACKING,0.6471,MOVE_DOWN,CENTERED,DOWN,103.0,119.7,549,485
2026-06-12T14:58:31.733,1781269111,nicole,TRACKING,0.5598,MOVE_DOWN,CENTERED,DOWN,102.8,120.9,553,495
2026-06-12T14:58:31.830,1781269111,nicole,TRACKING,0.5768,MOVE_DOWN,CENTERED,DOWN,102.5,122.4,557,503
2026-06-12T14:58:31.981,1781269111,nicole,TRACKING,0.6245,MOVE_DOWN,CENTERED,DOWN,102.0,123.2,563,500
2026-06-12T14:58:32.064,1781269112,nicole,TRACKING,0.5943,MOVE_DOWN,CENTERED,DOWN,101.3,123.4,571,496
2026-06-12T14:58:32.178,1781269112,nicole,TRACKING,0.6625,MOVE_DOWN,CENTERED,DOWN,100.5,123.4,578,493
2026-06-12T14:58:32.245,1781269112,nicole,TRACKING,0.671,MOVE_DOWN,CENTERED,DOWN,99.7,123.4,584,494
2026-06-12T14:58:32.382,1781269112,nicole,TRACKING,0.6422,MOVE_DOWN,CENTERED,DOWN,98.5,122.8,599,485
2026-06-12T14:58:32.478,1781269112,nicole,TRACKING,0.69,MOVE_DOWN,CENTERED,DOWN,97.0,121.7,616,477
2026-06-12T14:58:32.543,1781269112,nicole,TRACKING,0.7488,MOVE_DOWN,CENTERED,DOWN,95.8,120.4,619,470
2026-06-12T14:58:32.683,1781269112,nicole,TRACKING,0.6041,MOVE_DOWN,CENTERED,DOWN,94.6,119.3,626,466
2026-06-12T14:58:32.780,1781269112,nicole,TRACKING,0.8526,MOVE_DOWN,CENTERED,DOWN,93.6,118.0,632,460
2026-06-12T14:58:32.880,1781269112,nicole,TRACKING,0.8444,MOVE_DOWN,CENTERED,DOWN,92.8,116.9,632,457
2026-06-12T14:58:32.965,1781269112,nicole,TRACKING,0.7591,MOVE_DOWN,CENTERED,DOWN,93.0,115.7,615,452
2026-06-12T14:58:33.080,1781269113,nicole,TRACKING,0.8874,MOVE_DOWN,CENTERED,DOWN,93.5,113.8,607,437
2026-06-12T14:58:33.155,1781269113,nicole,TRACKING,0.8952,CENTERED,CENTERED,CENTERED,94.1,111.5,601,425
2026-06-12T14:58:33.242,1781269113,nicole,TRACKING,0.9018,CENTERED,CENTERED,CENTERED,94.3,109.3,606,417
2026-06-12T14:58:33.350,1781269113,nicole,TRACKING,0.8104,CENTERED,CENTERED,CENTERED,93.8,107.8,621,417
2026-06-12T14:58:33.444,1781269113,nicole,TRACKING,0.7552,CENTERED,CENTERED,CENTERED,92.2,107.0,651,421
2026-06-12T14:58:33.569,1781269113,nicole,TRACKING,0.5709,CENTERED,CENTERED,CENTERED,89.5,106.7,688,423
2026-06-12T14:58:34.817,1781269114,nicole,REACQUIRING,0.0,SEARCH,SCAN,SCAN,84.8,106.7,,
2026-06-12T14:58:34.909,1781269114,nicole,REACQUIRING,0.0,SEARCH,SCAN,SCAN,86.2,107.5,,
2026-06-12T14:58:35.011,1781269115,nicole,REACQUIRING,0.0,SEARCH,SCAN,SCAN,87.8,108.5,,
2026-06-12T14:58:35.123,1781269115,nicole,REACQUIRING,0.0,SEARCH,SCAN,SCAN,89.2,109.3,,
2026-06-12T14:58:35.217,1781269115,nicole,REACQUIRING,0.0,SEARCH,SCAN,SCAN,90.8,110.2,,
2026-06-12T14:58:35.311,1781269115,nicole,REACQUIRING,0.0,SEARCH,SCAN,SCAN,92.2,111.2,,
2026-06-12T14:58:35.428,1781269115,nicole,REACQUIRING,0.0,SEARCH,SCAN,SCAN,93.8,112.0,,
2026-06-12T14:58:35.528,1781269115,nicole,REACQUIRING,0.0,SEARCH,SCAN,SCAN,95.2,113.0,,
2026-06-12T14:58:35.613,1781269115,nicole,REACQUIRING,0.0,SEARCH,SCAN,SCAN,96.8,113.8,,
2026-06-12T14:58:35.733,1781269115,nicole,REACQUIRING,0.0,SEARCH,SCAN,SCAN,98.2,114.8,,
2026-06-12T14:58:35.826,1781269115,nicole,REACQUIRING,0.0,SEARCH,SCAN,SCAN,99.8,115.7,,
2026-06-12T14:58:35.914,1781269115,nicole,REACQUIRING,0.0,SEARCH,SCAN,SCAN,101.2,116.5,,
2026-06-12T14:58:36.021,1781269116,nicole,REACQUIRING,0.0,SEARCH,SCAN,SCAN,102.8,117.5,,
2026-06-12T14:58:36.126,1781269116,nicole,REACQUIRING,0.0,SEARCH,SCAN,SCAN,104.2,118.4,,
2026-06-12T14:58:36.228,1781269116,nicole,REACQUIRING,0.0,SEARCH,SCAN,SCAN,105.8,119.2,,
2026-06-12T14:58:36.325,1781269116,nicole,REACQUIRING,0.0,SEARCH,SCAN,SCAN,107.2,119.8,,
2026-06-12T14:58:36.432,1781269116,nicole,REACQUIRING,0.0,SEARCH,SCAN,SCAN,108.8,118.8,,
2026-06-12T14:58:36.526,1781269116,nicole,REACQUIRING,0.0,SEARCH,SCAN,SCAN,110.2,118.0,,
2026-06-12T14:58:36.628,1781269116,nicole,REACQUIRING,0.0,SEARCH,SCAN,SCAN,111.2,117.0,,
2026-06-12T14:58:36.724,1781269116,nicole,REACQUIRING,0.0,SEARCH,SCAN,SCAN,109.8,116.2,,
2026-06-12T14:58:36.838,1781269116,nicole,REACQUIRING,0.0,SEARCH,SCAN,SCAN,108.2,115.2,,
2026-06-12T14:58:36.926,1781269116,nicole,REACQUIRING,0.0,SEARCH,SCAN,SCAN,106.8,114.3,,
2026-06-12T14:58:37.028,1781269117,nicole,REACQUIRING,0.0,SEARCH,SCAN,SCAN,105.2,113.5,,
2026-06-12T14:58:37.143,1781269117,nicole,REACQUIRING,0.0,SEARCH,SCAN,SCAN,103.8,112.5,,
2026-06-12T14:58:37.226,1781269117,nicole,REACQUIRING,0.0,SEARCH,SCAN,SCAN,102.2,111.6,,
2026-06-12T14:58:37.409,1781269117,nicole,TRACKING,0.7483,MOVE_RIGHT,RIGHT,CENTERED,82.2,105.2,1027,360
2026-06-12T14:58:37.504,1781269117,nicole,TRACKING,0.6553,MOVE_RIGHT,RIGHT,CENTERED,69.3,100.6,1001,360
2026-06-12T14:58:37.578,1781269117,nicole,TRACKING,0.6535,MOVE_RIGHT,RIGHT,CENTERED,61.9,97.4,964,360
2026-06-12T14:58:37.676,1781269117,nicole,TRACKING,0.781,MOVE_RIGHT,RIGHT,CENTERED,58.6,96.4,917,376
2026-06-12T14:58:37.779,1781269117,nicole,TRACKING,0.7388,MOVE_RIGHT,RIGHT,CENTERED,58.1,97.2,876,396
2026-06-12T14:58:37.879,1781269117,nicole,TRACKING,0.7805,MOVE_RIGHT,RIGHT,CENTERED,60.1,99.1,820,414
2026-06-12T14:58:37.974,1781269117,nicole,TRACKING,0.8657,MOVE_RIGHT,RIGHT,CENTERED,63.3,101.2,775,424
2026-06-12T14:58:38.068,1781269118,nicole,TRACKING,0.8759,CENTERED,CENTERED,CENTERED,67.0,103.1,742,431
2026-06-12T14:58:38.167,1781269118,nicole,TRACKING,0.8772,MOVE_DOWN,CENTERED,DOWN,70.9,104.9,712,436
2026-06-12T14:58:38.283,1781269118,nicole,TRACKING,0.8807,CENTERED,CENTERED,CENTERED,74.1,105.6,701,429
2026-06-12T14:58:38.375,1781269118,nicole,TRACKING,0.8383,MOVE_DOWN,CENTERED,DOWN,75.4,106.4,722,433
2026-06-12T14:58:38.595,1781269118,nicole,TRACKING,0.8737,MOVE_DOWN,CENTERED,DOWN,76.0,107.0,730,434
2026-06-12T14:58:38.679,1781269118,nicole,TRACKING,0.8583,CENTERED,CENTERED,CENTERED,76.0,106.8,739,425
2026-06-12T14:58:38.775,1781269118,nicole,TRACKING,0.8542,CENTERED,CENTERED,CENTERED,76.1,106.6,736,425
2026-06-12T14:58:38.887,1781269118,nicole,TRACKING,0.8129,CENTERED,CENTERED,CENTERED,76.9,107.0,720,432
2026-06-12T14:58:38.983,1781269118,nicole,TRACKING,0.8309,MOVE_DOWN,CENTERED,DOWN,78.1,107.8,705,438
2026-06-12T14:58:39.079,1781269119,nicole,TRACKING,0.8412,CENTERED,CENTERED,CENTERED,79.4,107.3,694,425
2026-06-12T14:58:40.356,1781269120,nicole,REACQUIRING,0.0,SEARCH,SCAN,SCAN,80.9,105.3,,
2026-06-12T14:58:40.446,1781269120,nicole,REACQUIRING,0.0,SEARCH,SCAN,SCAN,79.4,104.5,,
2026-06-12T14:58:40.543,1781269120,nicole,REACQUIRING,0.0,SEARCH,SCAN,SCAN,77.9,103.5,,
2026-06-12T14:58:40.660,1781269120,nicole,REACQUIRING,0.0,SEARCH,SCAN,SCAN,76.4,102.7,,
2026-06-12T14:58:40.755,1781269120,nicole,REACQUIRING,0.0,SEARCH,SCAN,SCAN,74.9,101.8,,
2026-06-12T14:58:40.847,1781269120,nicole,REACQUIRING,0.0,SEARCH,SCAN,SCAN,73.4,100.8,,
2026-06-12T14:58:40.963,1781269120,nicole,REACQUIRING,0.0,SEARCH,SCAN,SCAN,71.9,100.0,,
2026-06-12T14:58:41.059,1781269121,nicole,REACQUIRING,0.0,SEARCH,SCAN,SCAN,70.4,99.0,,
2026-06-12T14:58:41.151,1781269121,nicole,REACQUIRING,0.0,SEARCH,SCAN,SCAN,68.9,98.2,,
2026-06-12T14:58:41.251,1781269121,nicole,REACQUIRING,0.0,SEARCH,SCAN,SCAN,67.4,97.2,,
2026-06-12T14:58:41.363,1781269121,nicole,REACQUIRING,0.0,SEARCH,SCAN,SCAN,65.9,96.3,,
2026-06-12T14:58:41.457,1781269121,nicole,REACQUIRING,0.0,SEARCH,SCAN,SCAN,64.4,95.5,,
2026-06-12T14:58:41.557,1781269121,nicole,REACQUIRING,0.0,SEARCH,SCAN,SCAN,62.9,94.5,,
2026-06-12T14:58:41.668,1781269121,nicole,REACQUIRING,0.0,SEARCH,SCAN,SCAN,61.4,93.6,,
2026-06-12T14:58:41.763,1781269121,nicole,REACQUIRING,0.0,SEARCH,SCAN,SCAN,59.9,92.8,,
2026-06-12T14:58:41.860,1781269121,nicole,REACQUIRING,0.0,SEARCH,SCAN,SCAN,58.4,92.2,,
2026-06-12T14:58:41.952,1781269121,nicole,REACQUIRING,0.0,SEARCH,SCAN,SCAN,56.9,93.2,,
2026-06-12T14:58:42.068,1781269122,nicole,REACQUIRING,0.0,SEARCH,SCAN,SCAN,55.4,94.0,,
2026-06-12T14:58:42.155,1781269122,nicole,REACQUIRING,0.0,SEARCH,SCAN,SCAN,54.4,95.0,,
2026-06-12T14:58:42.260,1781269122,nicole,REACQUIRING,0.0,SEARCH,SCAN,SCAN,55.9,95.8,,
2026-06-12T14:58:42.372,1781269122,nicole,REACQUIRING,0.0,SEARCH,SCAN,SCAN,57.4,96.8,,
2026-06-12T14:58:42.467,1781269122,nicole,REACQUIRING,0.0,SEARCH,SCAN,SCAN,58.9,97.7,,
2026-06-12T14:58:42.561,1781269122,nicole,REACQUIRING,0.0,SEARCH,SCAN,SCAN,60.4,98.5,,
2026-06-12T14:58:42.665,1781269122,nicole,REACQUIRING,0.0,SEARCH,SCAN,SCAN,61.9,99.5,,
2026-06-12T14:58:42.766,1781269122,nicole,REACQUIRING,0.0,SEARCH,SCAN,SCAN,63.4,100.4,,
2026-06-12T14:58:42.866,1781269122,nicole,REACQUIRING,0.0,SEARCH,SCAN,SCAN,64.9,101.2,,
2026-06-12T14:58:42.963,1781269122,nicole,REACQUIRING,0.0,SEARCH,SCAN,SCAN,66.4,102.2,,
2026-06-12T14:58:43.074,1781269123,nicole,REACQUIRING,0.0,SEARCH,SCAN,SCAN,67.9,103.0,,
2026-06-12T14:58:43.175,1781269123,nicole,REACQUIRING,0.0,SEARCH,SCAN,SCAN,69.4,104.0,,
2026-06-12T14:58:43.270,1781269123,nicole,REACQUIRING,0.0,SEARCH,SCAN,SCAN,70.9,104.9,,
2026-06-12T14:58:43.376,1781269123,nicole,REACQUIRING,0.0,SEARCH,SCAN,SCAN,72.4,105.8,,
2026-06-12T14:58:43.472,1781269123,nicole,REACQUIRING,0.0,SEARCH,SCAN,SCAN,73.9,106.7,,
2026-06-12T14:58:43.573,1781269123,nicole,REACQUIRING,0.0,SEARCH,SCAN,SCAN,75.4,107.5,,
2026-06-12T14:58:43.667,1781269123,nicole,REACQUIRING,0.0,SEARCH,SCAN,SCAN,76.9,108.5,,
2026-06-12T14:58:43.774,1781269123,nicole,REACQUIRING,0.0,SEARCH,SCAN,SCAN,78.4,109.4,,
2026-06-12T14:58:43.876,1781269123,nicole,REACQUIRING,0.0,SEARCH,SCAN,SCAN,79.9,110.2,,
2026-06-12T14:58:43.969,1781269123,nicole,REACQUIRING,0.0,SEARCH,SCAN,SCAN,81.4,111.2,,
2026-06-12T14:58:44.081,1781269124,nicole,REACQUIRING,0.0,SEARCH,SCAN,SCAN,82.9,112.1,,
2026-06-12T14:58:44.177,1781269124,nicole,REACQUIRING,0.0,SEARCH,SCAN,SCAN,84.4,113.0,,
2026-06-12T14:58:44.275,1781269124,nicole,REACQUIRING,0.0,SEARCH,SCAN,SCAN,85.9,113.9,,
2026-06-12T14:58:44.375,1781269124,nicole,REACQUIRING,0.0,SEARCH,SCAN,SCAN,87.4,114.8,,
2026-06-12T14:58:44.480,1781269124,nicole,REACQUIRING,0.0,SEARCH,SCAN,SCAN,88.9,115.7,,
2026-06-12T14:58:44.585,1781269124,nicole,REACQUIRING,0.0,SEARCH,SCAN,SCAN,90.4,116.6,,
2026-06-12T14:58:44.741,1781269124,nicole,REACQUIRING,0.0,SEARCH,SCAN,SCAN,91.9,117.5,,
2026-06-12T14:58:44.784,1781269124,nicole,REACQUIRING,0.0,SEARCH,SCAN,SCAN,93.4,118.4,,
2026-06-12T14:58:44.952,1781269124,nicole,REACQUIRING,0.0,SEARCH,SCAN,SCAN,94.9,119.2,,
2026-06-12T14:58:45.017,1781269125,nicole,REACQUIRING,0.0,SEARCH,SCAN,SCAN,96.4,120.2,,
2026-06-12T14:58:45.122,1781269125,nicole,REACQUIRING,0.0,SEARCH,SCAN,SCAN,97.9,120.2,,
2026-06-12T14:58:45.238,1781269125,nicole,TRACKING,0.7699,CENTERED,CENTERED,CENTERED,100.9,111.2,512,360
2026-06-12T14:58:45.323,1781269125,nicole,TRACKING,0.7525,MOVE_LEFT,LEFT,CENTERED,103.3,104.8,505,360
2026-06-12T14:58:45.418,1781269125,nicole,TRACKING,0.753,MOVE_LEFT,LEFT,CENTERED,105.1,100.4,504,360
2026-06-12T14:58:45.526,1781269125,nicole,TRACKING,0.7362,MOVE_LEFT,LEFT,CENTERED,106.8,97.3,491,360
2026-06-12T14:58:45.622,1781269125,nicole,TRACKING,0.7214,MOVE_LEFT,LEFT,CENTERED,108.4,95.1,483,360
2026-06-12T14:58:45.816,1781269125,nicole,TRACKING,0.582,MOVE_LEFT,LEFT,CENTERED,108.9,98.1,498,421
2026-06-12T14:58:45.927,1781269125,nicole,TRACKING,0.6364,MOVE_LEFT,LEFT,CENTERED,109.0,100.6,504,426
2026-06-12T14:58:46.023,1781269126,nicole,TRACKING,0.6402,MOVE_DOWN,CENTERED,DOWN,108.5,103.4,515,439
2026-06-12T14:58:46.118,1781269126,nicole,TRACKING,0.5569,MOVE_DOWN,CENTERED,DOWN,108.3,106.3,514,452
2026-06-12T14:58:46.231,1781269126,nicole,TRACKING,0.567,MOVE_LEFT_DOWN,LEFT,DOWN,108.3,108.9,509,460
2026-06-12T14:58:46.326,1781269126,nicole,TRACKING,0.594,MOVE_LEFT_DOWN,LEFT,DOWN,108.4,111.3,507,468
2026-06-12T14:58:46.421,1781269126,nicole,TRACKING,0.6034,MOVE_LEFT_DOWN,LEFT,DOWN,108.7,113.1,503,469
2026-06-12T14:58:46.534,1781269126,nicole,TRACKING,0.6028,MOVE_LEFT_DOWN,LEFT,DOWN,109.2,114.0,495,464
2026-06-12T14:58:46.631,1781269126,nicole,TRACKING,0.6069,MOVE_LEFT_DOWN,LEFT,DOWN,109.9,114.0,487,456
2026-06-12T14:58:46.725,1781269126,nicole,TRACKING,0.6505,MOVE_LEFT_DOWN,LEFT,DOWN,110.7,113.5,479,449
2026-06-12T14:58:46.820,1781269126,nicole,TRACKING,0.6528,MOVE_LEFT_DOWN,LEFT,DOWN,111.8,112.7,467,444
2026-06-12T14:58:46.935,1781269126,nicole,TRACKING,0.6496,MOVE_LEFT_DOWN,LEFT,DOWN,112.5,112.4,468,446
2026-06-12T14:58:47.067,1781269127,nicole,TRACKING,0.6533,MOVE_LEFT_DOWN,LEFT,DOWN,113.1,112.2,467,447
2026-06-12T14:58:47.128,1781269127,nicole,TRACKING,0.6348,MOVE_LEFT_DOWN,LEFT,DOWN,113.7,111.7,461,442
2026-06-12T14:58:47.266,1781269127,nicole,TRACKING,0.6952,MOVE_LEFT_DOWN,LEFT,DOWN,113.8,110.7,468,434
2026-06-12T14:58:47.362,1781269127,nicole,TRACKING,0.6454,MOVE_LEFT,LEFT,CENTERED,114.3,109.5,460,427
2026-06-12T14:58:47.529,1781269127,nicole,TRACKING,0.7179,MOVE_LEFT,LEFT,CENTERED,114.8,105.8,454,388
2026-06-12T14:58:47.664,1781269127,nicole,TRACKING,0.7238,MOVE_LEFT,LEFT,CENTERED,115.0,103.5,459,393
2026-06-12T14:58:47.735,1781269127,nicole,TRACKING,0.7431,MOVE_LEFT,LEFT,CENTERED,115.1,102.1,460,395
2026-06-12T14:58:47.842,1781269127,nicole,TRACKING,0.7471,MOVE_LEFT,LEFT,CENTERED,114.8,101.2,469,396
2026-06-12T14:58:47.979,1781269127,nicole,TRACKING,0.8354,MOVE_LEFT,LEFT,CENTERED,114.1,101.0,479,403
2026-06-12T14:58:48.042,1781269128,nicole,TRACKING,0.8423,MOVE_LEFT,LEFT,CENTERED,113.5,101.0,483,404
2026-06-12T14:58:48.152,1781269128,nicole,TRACKING,0.8444,MOVE_LEFT,LEFT,CENTERED,113.1,100.6,482,399
2026-06-12T14:58:48.234,1781269128,nicole,TRACKING,0.7945,MOVE_LEFT,LEFT,CENTERED,113.0,100.6,479,402
2026-06-12T14:58:48.341,1781269128,nicole,TRACKING,0.8168,MOVE_LEFT,LEFT,CENTERED,112.9,100.3,478,398
2026-06-12T14:58:48.436,1781269128,nicole,TRACKING,0.7979,MOVE_LEFT,LEFT,CENTERED,112.8,100.1,480,399
2026-06-12T14:58:48.535,1781269128,nicole,TRACKING,0.7844,MOVE_LEFT,LEFT,CENTERED,112.7,99.9,480,398
2026-06-12T14:58:48.645,1781269128,nicole,TRACKING,0.7877,MOVE_LEFT,LEFT,CENTERED,112.5,99.7,484,396
2026-06-12T14:58:48.742,1781269128,nicole,TRACKING,0.7937,MOVE_LEFT,LEFT,CENTERED,112.4,99.5,481,396
2026-06-12T14:58:48.842,1781269128,nicole,TRACKING,0.7868,MOVE_LEFT,LEFT,CENTERED,112.2,99.5,485,398
2026-06-12T14:58:48.937,1781269128,nicole,TRACKING,0.7853,MOVE_LEFT,LEFT,CENTERED,112.1,99.3,486,396
2026-06-12T14:58:49.048,1781269129,nicole,TRACKING,0.7735,MOVE_LEFT,LEFT,CENTERED,112.1,99.5,482,399
2026-06-12T14:58:49.141,1781269129,nicole,TRACKING,0.7602,MOVE_LEFT,LEFT,CENTERED,112.0,99.5,485,399
2026-06-12T14:58:49.237,1781269129,nicole,TRACKING,0.76,MOVE_LEFT,LEFT,CENTERED,112.1,99.8,481,401
2026-06-12T14:58:49.351,1781269129,nicole,TRACKING,0.7517,MOVE_LEFT,LEFT,CENTERED,112.1,99.7,484,398
2026-06-12T14:58:49.446,1781269129,nicole,TRACKING,0.7638,MOVE_LEFT,LEFT,CENTERED,112.2,99.9,480,401
2026-06-12T14:58:49.549,1781269129,nicole,TRACKING,0.76,MOVE_LEFT,LEFT,CENTERED,112.4,99.8,478,399
2026-06-12T14:58:49.664,1781269129,nicole,TRACKING,0.7638,MOVE_LEFT,LEFT,CENTERED,112.6,99.9,475,401
2026-06-12T14:58:49.782,1781269129,nicole,TRACKING,0.7113,MOVE_LEFT,LEFT,CENTERED,112.8,99.6,474,395
2026-06-12T14:58:49.849,1781269129,nicole,TRACKING,0.718,MOVE_LEFT,LEFT,CENTERED,113.1,99.0,472,391
2026-06-12T14:58:49.955,1781269129,nicole,TRACKING,0.7213,MOVE_LEFT,LEFT,CENTERED,113.2,99.0,473,396
2026-06-12T14:58:50.069,1781269130,nicole,TRACKING,0.7149,MOVE_LEFT,LEFT,CENTERED,113.3,98.9,472,395
2026-06-12T14:58:50.150,1781269130,nicole,TRACKING,0.7028,MOVE_LEFT,LEFT,CENTERED,113.5,98.4,470,389
2026-06-12T14:58:50.247,1781269130,nicole,TRACKING,0.7243,MOVE_LEFT,LEFT,CENTERED,113.6,97.9,470,387
2026-06-12T14:58:50.365,1781269130,nicole,TRACKING,0.6865,MOVE_LEFT,LEFT,CENTERED,113.8,97.5,468,386
2026-06-12T14:58:50.481,1781269130,nicole,TRACKING,0.704,MOVE_LEFT,LEFT,CENTERED,113.9,97.4,468,388
2026-06-12T14:58:50.561,1781269130,nicole,TRACKING,0.7048,MOVE_LEFT,LEFT,CENTERED,114.0,97.1,467,386
2026-06-12T14:58:50.663,1781269130,nicole,TRACKING,0.6951,MOVE_LEFT,LEFT,CENTERED,114.1,97.0,468,387
2026-06-12T14:58:50.760,1781269130,nicole,TRACKING,0.7126,MOVE_LEFT,LEFT,CENTERED,114.0,97.2,470,391
2026-06-12T14:58:50.857,1781269130,nicole,TRACKING,0.7105,MOVE_LEFT,LEFT,CENTERED,113.9,96.9,472,384
2026-06-12T14:58:50.954,1781269130,nicole,TRACKING,0.6925,MOVE_LEFT,LEFT,CENTERED,113.7,96.5,476,383
2026-06-12T14:58:51.072,1781269131,nicole,TRACKING,0.6793,MOVE_LEFT,LEFT,CENTERED,113.4,96.7,479,389
2026-06-12T14:58:51.187,1781269131,nicole,TRACKING,0.6518,MOVE_LEFT,LEFT,CENTERED,113.1,96.9,481,389
2026-06-12T14:58:51.273,1781269131,nicole,TRACKING,0.645,MOVE_LEFT,LEFT,CENTERED,112.9,97.1,480,390
2026-06-12T14:58:51.369,1781269131,nicole,TRACKING,0.6073,MOVE_LEFT,LEFT,CENTERED,112.5,97.6,487,395
2026-06-12T14:58:51.487,1781269131,nicole,TRACKING,0.5833,MOVE_LEFT,LEFT,CENTERED,112.1,98.0,490,396
2026-06-12T14:58:51.565,1781269131,nicole,TRACKING,0.5772,MOVE_LEFT,LEFT,CENTERED,111.7,98.3,491,396
2026-06-12T14:58:51.657,1781269131,nicole,TRACKING,0.6215,MOVE_LEFT,LEFT,CENTERED,111.2,98.4,497,395
2026-06-12T14:58:52.068,1781269132,nicole,TRACKING,0.5581,MOVE_LEFT,LEFT,CENTERED,110.5,98.8,507,398
2026-06-12T14:58:52.183,1781269132,nicole,TRACKING,0.5918,MOVE_LEFT,LEFT,CENTERED,109.9,99.0,508,398
2026-06-12T14:58:52.264,1781269132,nicole,TRACKING,0.5856,MOVE_LEFT,LEFT,CENTERED,109.6,99.1,506,397
2026-06-12T14:58:52.362,1781269132,nicole,TRACKING,0.5799,MOVE_LEFT,LEFT,CENTERED,109.7,99.1,499,397
2026-06-12T14:58:52.488,1781269132,nicole,TRACKING,0.6028,MOVE_LEFT,LEFT,CENTERED,109.8,99.0,497,395
2026-06-12T14:58:52.569,1781269132,nicole,TRACKING,0.6122,MOVE_LEFT,LEFT,CENTERED,109.9,98.8,497,393
2026-06-12T14:58:52.669,1781269132,nicole,TRACKING,0.6207,MOVE_LEFT,LEFT,CENTERED,110.2,98.7,492,394
2026-06-12T14:58:52.758,1781269132,nicole,TRACKING,0.6236,MOVE_LEFT,LEFT,CENTERED,110.5,98.4,489,391
2026-06-12T14:58:52.900,1781269132,nicole,TRACKING,0.589,MOVE_LEFT,LEFT,CENTERED,110.6,98.1,491,390
2026-06-12T14:58:52.967,1781269132,nicole,TRACKING,0.6001,MOVE_LEFT,LEFT,CENTERED,110.7,98.1,491,392
2026-06-12T14:58:53.076,1781269133,nicole,TRACKING,0.6181,MOVE_LEFT,LEFT,CENTERED,110.7,98.1,494,393
2026-06-12T14:58:53.185,1781269133,nicole,TRACKING,0.6262,MOVE_LEFT,LEFT,CENTERED,110.2,98.3,503,394
2026-06-12T14:58:53.271,1781269133,nicole,TRACKING,0.6196,MOVE_LEFT,LEFT,CENTERED,109.8,98.3,507,393
2026-06-12T14:58:53.373,1781269133,nicole,TRACKING,0.5976,MOVE_LEFT,LEFT,CENTERED,109.4,98.3,508,394
2026-06-12T14:58:53.486,1781269133,nicole,TRACKING,0.5884,CENTERED,CENTERED,CENTERED,108.8,98.5,516,395
2026-06-12T14:58:53.574,1781269133,nicole,TRACKING,0.6078,CENTERED,CENTERED,CENTERED,108.3,98.4,519,393
2026-06-12T14:58:53.685,1781269133,nicole,TRACKING,0.6045,CENTERED,CENTERED,CENTERED,107.6,98.2,527,391
2026-06-12T14:58:53.772,1781269133,nicole,TRACKING,0.6183,CENTERED,CENTERED,CENTERED,107.1,97.8,527,387
2026-06-12T14:58:53.879,1781269133,nicole,TRACKING,0.553,CENTERED,CENTERED,CENTERED,106.8,97.5,526,388
2026-06-12T14:58:54.080,1781269134,nicole,TRACKING,0.6063,CENTERED,CENTERED,CENTERED,103.8,97.5,591,390
2026-06-12T14:58:55.340,1781269135,nicole,REACQUIRING,0.0,SEARCH,SCAN,SCAN,98.4,96.6,,
2026-06-12T14:58:55.438,1781269135,nicole,REACQUIRING,0.0,SEARCH,SCAN,SCAN,99.9,95.7,,
2026-06-12T14:58:55.554,1781269135,nicole,REACQUIRING,0.0,SEARCH,SCAN,SCAN,101.4,94.8,,
2026-06-12T14:58:55.648,1781269135,nicole,REACQUIRING,0.0,SEARCH,SCAN,SCAN,102.9,93.9,,
2026-06-12T14:58:55.748,1781269135,nicole,REACQUIRING,0.0,SEARCH,SCAN,SCAN,104.4,93.0,,
2026-06-12T14:58:55.927,1781269135,nicole,REACQUIRING,0.0,SEARCH,SCAN,SCAN,105.9,92.1,,
2026-06-12T14:58:55.946,1781269135,nicole,REACQUIRING,0.0,SEARCH,SCAN,SCAN,107.4,91.2,,
2026-06-12T14:58:56.099,1781269136,nicole,REACQUIRING,0.0,SEARCH,SCAN,SCAN,108.9,90.3,,
2026-06-12T14:58:56.184,1781269136,nicole,REACQUIRING,0.0,SEARCH,SCAN,SCAN,110.4,89.4,,
2026-06-12T14:58:56.331,1781269136,nicole,REACQUIRING,0.0,SEARCH,SCAN,SCAN,111.9,88.5,,
2026-06-12T14:58:56.348,1781269136,nicole,REACQUIRING,0.0,SEARCH,SCAN,SCAN,113.4,87.6,,
2026-06-12T14:58:56.443,1781269136,nicole,REACQUIRING,0.0,SEARCH,SCAN,SCAN,114.9,86.7,,
2026-06-12T14:58:56.581,1781269136,nicole,REACQUIRING,0.0,SEARCH,SCAN,SCAN,116.4,85.8,,
2026-06-12T14:58:56.650,1781269136,nicole,REACQUIRING,0.0,SEARCH,SCAN,SCAN,117.9,84.9,,
2026-06-12T14:58:56.746,1781269136,nicole,REACQUIRING,0.0,SEARCH,SCAN,SCAN,119.4,84.0,,
2026-06-12T14:58:56.852,1781269136,nicole,REACQUIRING,0.0,SEARCH,SCAN,SCAN,120.9,83.5,,
2026-06-12T14:58:57.018,1781269137,nicole,REACQUIRING,0.0,SEARCH,SCAN,SCAN,122.4,84.4,,
2026-06-12T14:58:57.097,1781269137,nicole,REACQUIRING,0.0,SEARCH,SCAN,SCAN,123.9,85.3,,
2026-06-12T14:58:57.191,1781269137,nicole,REACQUIRING,0.0,SEARCH,SCAN,SCAN,124.9,86.2,,
2026-06-12T14:58:57.284,1781269137,nicole,REACQUIRING,0.0,SEARCH,SCAN,SCAN,123.4,87.1,,
2026-06-12T14:58:57.398,1781269137,nicole,REACQUIRING,0.0,SEARCH,SCAN,SCAN,121.9,88.0,,
2026-06-12T14:58:57.494,1781269137,nicole,REACQUIRING,0.0,SEARCH,SCAN,SCAN,120.4,88.9,,
2026-06-12T14:58:57.591,1781269137,nicole,REACQUIRING,0.0,SEARCH,SCAN,SCAN,118.9,89.8,,
2026-06-12T14:58:57.738,1781269137,nicole,REACQUIRING,0.0,SEARCH,SCAN,SCAN,117.4,90.7,,
2026-06-12T14:58:57.837,1781269137,nicole,REACQUIRING,0.0,SEARCH,SCAN,SCAN,115.9,91.6,,
2026-06-12T14:58:57.922,1781269137,nicole,REACQUIRING,0.0,SEARCH,SCAN,SCAN,114.4,92.5,,
2026-06-12T14:58:57.999,1781269137,nicole,REACQUIRING,0.0,SEARCH,SCAN,SCAN,112.9,93.4,,
2026-06-12T14:58:58.115,1781269138,nicole,REACQUIRING,0.0,SEARCH,SCAN,SCAN,111.4,94.3,,
2026-06-12T14:58:58.155,1781269138,nicole,REACQUIRING,0.0,SEARCH,SCAN,SCAN,109.9,95.2,,
2026-06-12T14:58:58.250,1781269138,nicole,REACQUIRING,0.0,SEARCH,SCAN,SCAN,108.4,96.1,,
2026-06-12T14:58:58.404,1781269138,nicole,REACQUIRING,0.0,SEARCH,SCAN,SCAN,106.9,97.0,,
2026-06-12T14:58:58.537,1781269138,nicole,REACQUIRING,0.0,SEARCH,SCAN,SCAN,105.4,97.9,,
2026-06-12T14:58:58.600,1781269138,nicole,REACQUIRING,0.0,SEARCH,SCAN,SCAN,103.9,98.8,,
2026-06-12T14:58:58.710,1781269138,nicole,REACQUIRING,0.0,SEARCH,SCAN,SCAN,102.4,99.7,,
2026-06-12T14:58:58.806,1781269138,nicole,REACQUIRING,0.0,SEARCH,SCAN,SCAN,100.9,100.6,,
2026-06-12T14:58:58.902,1781269138,nicole,REACQUIRING,0.0,SEARCH,SCAN,SCAN,99.4,101.5,,
2026-06-12T14:58:58.998,1781269138,nicole,REACQUIRING,0.0,SEARCH,SCAN,SCAN,97.9,102.4,,
2026-06-12T14:58:59.066,1781269139,nicole,REACQUIRING,0.0,SEARCH,SCAN,SCAN,96.4,103.3,,
2026-06-12T14:58:59.220,1781269139,nicole,REACQUIRING,0.0,SEARCH,SCAN,SCAN,94.9,104.2,,
2026-06-12T14:58:59.306,1781269139,nicole,REACQUIRING,0.0,SEARCH,SCAN,SCAN,93.4,105.1,,
2026-06-12T14:58:59.371,1781269139,nicole,REACQUIRING,0.0,SEARCH,SCAN,SCAN,91.9,106.0,,
2026-06-12T14:58:59.466,1781269139,nicole,REACQUIRING,0.0,SEARCH,SCAN,SCAN,90.4,106.9,,
2026-06-12T14:58:59.562,1781269139,nicole,REACQUIRING,0.0,SEARCH,SCAN,SCAN,88.9,107.8,,
2026-06-12T14:58:59.658,1781269139,nicole,REACQUIRING,0.0,SEARCH,SCAN,SCAN,87.4,108.7,,
2026-06-12T14:58:59.771,1781269139,nicole,REACQUIRING,0.0,SEARCH,SCAN,SCAN,85.9,109.6,,
2026-06-12T14:58:59.866,1781269139,nicole,REACQUIRING,0.0,SEARCH,SCAN,SCAN,84.4,110.5,,
2026-06-12T14:58:59.966,1781269139,nicole,REACQUIRING,0.0,SEARCH,SCAN,SCAN,82.9,111.4,,
2026-06-12T14:59:00.079,1781269140,nicole,REACQUIRING,0.0,SEARCH,SCAN,SCAN,81.4,111.5,,
2026-06-12T14:59:00.175,1781269140,nicole,REACQUIRING,0.0,SEARCH,SCAN,SCAN,79.9,110.6,,
2026-06-12T14:59:00.279,1781269140,nicole,REACQUIRING,0.0,SEARCH,SCAN,SCAN,78.4,109.7,,
2026-06-12T14:59:00.372,1781269140,nicole,REACQUIRING,0.0,SEARCH,SCAN,SCAN,76.9,108.8,,
2026-06-12T14:59:00.485,1781269140,nicole,REACQUIRING,0.0,SEARCH,SCAN,SCAN,75.4,107.9,,
2026-06-12T14:59:00.582,1781269140,nicole,REACQUIRING,0.0,SEARCH,SCAN,SCAN,73.9,107.0,,
2026-06-12T14:59:00.677,1781269140,nicole,REACQUIRING,0.0,SEARCH,SCAN,SCAN,72.4,106.1,,
2026-06-12T14:59:00.861,1781269140,nicole,REACQUIRING,0.0,SEARCH,SCAN,SCAN,70.9,105.2,,
2026-06-12T14:59:00.926,1781269140,nicole,REACQUIRING,0.0,SEARCH,SCAN,SCAN,69.4,104.3,,
2026-06-12T14:59:01.018,1781269141,nicole,TRACKING,0.5756,CENTERED,CENTERED,CENTERED,73.8,100.0,681,360
2026-06-12T14:59:01.148,1781269141,nicole,TRACKING,0.579,CENTERED,CENTERED,CENTERED,76.6,97.0,690,360
2026-06-12T14:59:01.223,1781269141,nicole,TRACKING,0.5633,CENTERED,CENTERED,CENTERED,77.9,94.9,704,360
2026-06-12T14:59:02.494,1781269142,nicole,REACQUIRING,0.0,SEARCH,SCAN,SCAN,79.5,89.1,,
2026-06-12T14:59:02.597,1781269142,nicole,REACQUIRING,0.0,SEARCH,SCAN,SCAN,78.0,88.2,,
2026-06-12T14:59:02.692,1781269142,nicole,REACQUIRING,0.0,SEARCH,SCAN,SCAN,76.5,87.3,,
2026-06-12T14:59:02.791,1781269142,nicole,REACQUIRING,0.0,SEARCH,SCAN,SCAN,75.0,86.4,,
2026-06-12T14:59:02.903,1781269142,nicole,REACQUIRING,0.0,SEARCH,SCAN,SCAN,73.5,85.5,,
2026-06-12T14:59:02.991,1781269142,nicole,REACQUIRING,0.0,SEARCH,SCAN,SCAN,72.0,84.6,,
2026-06-12T14:59:03.090,1781269143,nicole,REACQUIRING,0.0,SEARCH,SCAN,SCAN,70.5,83.7,,
2026-06-12T14:59:03.199,1781269143,nicole,REACQUIRING,0.0,SEARCH,SCAN,SCAN,69.0,82.8,,
2026-06-12T14:59:03.297,1781269143,nicole,REACQUIRING,0.0,SEARCH,SCAN,SCAN,67.5,81.9,,
2026-06-12T14:59:03.396,1781269143,nicole,REACQUIRING,0.0,SEARCH,SCAN,SCAN,66.0,81.0,,
2026-06-12T14:59:03.489,1781269143,nicole,REACQUIRING,0.0,SEARCH,SCAN,SCAN,64.5,80.1,,
2026-06-12T14:59:03.604,1781269143,nicole,REACQUIRING,0.0,SEARCH,SCAN,SCAN,63.0,79.2,,
2026-06-12T14:59:03.695,1781269143,nicole,REACQUIRING,0.0,SEARCH,SCAN,SCAN,61.5,78.3,,
2026-06-12T14:59:03.786,1781269143,nicole,REACQUIRING,0.0,SEARCH,SCAN,SCAN,60.0,77.4,,
2026-06-12T14:59:03.900,1781269143,nicole,REACQUIRING,0.0,SEARCH,SCAN,SCAN,58.5,76.5,,
2026-06-12T14:59:04.009,1781269144,nicole,REACQUIRING,0.0,SEARCH,SCAN,SCAN,57.0,76.0,,
2026-06-12T14:59:04.104,1781269144,nicole,REACQUIRING,0.0,SEARCH,SCAN,SCAN,55.5,76.9,,
2026-06-12T14:59:04.192,1781269144,nicole,REACQUIRING,0.0,SEARCH,SCAN,SCAN,54.0,77.8,,
2026-06-12T14:59:04.303,1781269144,nicole,REACQUIRING,0.0,SEARCH,SCAN,SCAN,53.0,78.7,,
2026-06-12T14:59:04.406,1781269144,nicole,REACQUIRING,0.0,SEARCH,SCAN,SCAN,54.5,79.6,,
2026-06-12T14:59:04.506,1781269144,nicole,REACQUIRING,0.0,SEARCH,SCAN,SCAN,56.0,80.5,,
2026-06-12T14:59:04.603,1781269144,nicole,REACQUIRING,0.0,SEARCH,SCAN,SCAN,57.5,81.4,,
2026-06-12T14:59:04.707,1781269144,nicole,REACQUIRING,0.0,SEARCH,SCAN,SCAN,59.0,82.3,,
2026-06-12T14:59:04.813,1781269144,nicole,REACQUIRING,0.0,SEARCH,SCAN,SCAN,60.5,83.2,,
2026-06-12T14:59:04.895,1781269144,nicole,REACQUIRING,0.0,SEARCH,SCAN,SCAN,62.0,84.1,,
2026-06-12T14:59:05.020,1781269145,nicole,REACQUIRING,0.0,SEARCH,SCAN,SCAN,63.5,85.0,,
2026-06-12T14:59:05.109,1781269145,nicole,REACQUIRING,0.0,SEARCH,SCAN,SCAN,65.0,85.9,,
2026-06-12T14:59:05.210,1781269145,nicole,REACQUIRING,0.0,SEARCH,SCAN,SCAN,66.5,86.8,,
2026-06-12T14:59:05.315,1781269145,nicole,REACQUIRING,0.0,SEARCH,SCAN,SCAN,68.0,87.7,,
2026-06-12T14:59:05.417,1781269145,nicole,REACQUIRING,0.0,SEARCH,SCAN,SCAN,69.5,88.6,,
2026-06-12T14:59:05.512,1781269145,nicole,REACQUIRING,0.0,SEARCH,SCAN,SCAN,71.0,89.5,,
2026-06-12T14:59:05.607,1781269145,nicole,REACQUIRING,0.0,SEARCH,SCAN,SCAN,72.5,90.4,,
2026-06-12T14:59:05.711,1781269145,nicole,REACQUIRING,0.0,SEARCH,SCAN,SCAN,74.0,91.3,,
2026-06-12T14:59:05.812,1781269145,nicole,REACQUIRING,0.0,SEARCH,SCAN,SCAN,75.5,92.2,,
2026-06-12T14:59:05.904,1781269145,nicole,REACQUIRING,0.0,SEARCH,SCAN,SCAN,77.0,93.1,,
2026-06-12T14:59:06.021,1781269146,nicole,REACQUIRING,0.0,SEARCH,SCAN,SCAN,78.5,94.0,,
2026-06-12T14:59:06.116,1781269146,nicole,REACQUIRING,0.0,SEARCH,SCAN,SCAN,80.0,94.9,,
2026-06-12T14:59:06.214,1781269146,nicole,REACQUIRING,0.0,SEARCH,SCAN,SCAN,81.5,95.8,,
2026-06-12T14:59:06.312,1781269146,nicole,REACQUIRING,0.0,SEARCH,SCAN,SCAN,83.0,96.7,,
2026-06-12T14:59:06.427,1781269146,nicole,REACQUIRING,0.0,SEARCH,SCAN,SCAN,84.5,97.6,,
2026-06-12T14:59:06.518,1781269146,nicole,REACQUIRING,0.0,SEARCH,SCAN,SCAN,86.0,98.5,,
2026-06-12T14:59:06.616,1781269146,nicole,REACQUIRING,0.0,SEARCH,SCAN,SCAN,87.5,99.4,,
2026-06-12T14:59:06.731,1781269146,nicole,REACQUIRING,0.0,SEARCH,SCAN,SCAN,89.0,100.3,,
2026-06-12T14:59:06.821,1781269146,nicole,REACQUIRING,0.0,SEARCH,SCAN,SCAN,90.5,101.2,,
2026-06-12T14:59:06.913,1781269146,nicole,REACQUIRING,0.0,SEARCH,SCAN,SCAN,92.0,102.1,,
2026-06-12T14:59:07.024,1781269147,nicole,REACQUIRING,0.0,SEARCH,SCAN,SCAN,93.5,103.0,,
2026-06-12T14:59:07.132,1781269147,nicole,REACQUIRING,0.0,SEARCH,SCAN,SCAN,95.0,103.9,,
2026-06-12T14:59:07.225,1781269147,nicole,REACQUIRING,0.0,SEARCH,SCAN,SCAN,96.5,104.0,,
2026-06-12T14:59:07.324,1781269147,nicole,REACQUIRING,0.0,SEARCH,SCAN,SCAN,98.0,103.1,,
2026-06-12T14:59:07.435,1781269147,nicole,REACQUIRING,0.0,SEARCH,SCAN,SCAN,99.5,102.2,,
2026-06-12T14:59:07.526,1781269147,nicole,REACQUIRING,0.0,SEARCH,SCAN,SCAN,101.0,101.3,,
2026-06-12T14:59:07.625,1781269147,nicole,REACQUIRING,0.0,SEARCH,SCAN,SCAN,102.5,100.4,,
2026-06-12T14:59:07.740,1781269147,nicole,REACQUIRING,0.0,SEARCH,SCAN,SCAN,104.0,99.5,,
2026-06-12T14:59:07.833,1781269147,nicole,REACQUIRING,0.0,SEARCH,SCAN,SCAN,105.5,98.6,,
2026-06-12T14:59:07.926,1781269147,nicole,REACQUIRING,0.0,SEARCH,SCAN,SCAN,107.0,97.7,,
2026-06-12T14:59:08.020,1781269148,nicole,REACQUIRING,0.0,SEARCH,SCAN,SCAN,108.5,96.8,,
2026-06-12T14:59:08.141,1781269148,nicole,REACQUIRING,0.0,SEARCH,SCAN,SCAN,109.0,95.9,,
2026-06-12T14:59:08.219,1781269148,nicole,REACQUIRING,0.0,SEARCH,SCAN,SCAN,107.5,95.0,,
2026-06-12T14:59:08.322,1781269148,nicole,REACQUIRING,0.0,SEARCH,SCAN,SCAN,106.0,94.1,,
2026-06-12T14:59:08.439,1781269148,nicole,REACQUIRING,0.0,SEARCH,SCAN,SCAN,104.5,93.2,,
2026-06-12T14:59:08.537,1781269148,nicole,REACQUIRING,0.0,SEARCH,SCAN,SCAN,103.0,92.3,,
2026-06-12T14:59:08.628,1781269148,nicole,REACQUIRING,0.0,SEARCH,SCAN,SCAN,101.5,91.4,,
2026-06-12T14:59:08.725,1781269148,nicole,REACQUIRING,0.0,SEARCH,SCAN,SCAN,100.0,90.5,,
2026-06-12T14:59:08.838,1781269148,nicole,REACQUIRING,0.0,SEARCH,SCAN,SCAN,98.5,89.6,,
2026-06-12T14:59:08.933,1781269148,nicole,REACQUIRING,0.0,SEARCH,SCAN,SCAN,97.0,88.7,,
2026-06-12T14:59:09.027,1781269149,nicole,REACQUIRING,0.0,SEARCH,SCAN,SCAN,95.5,87.8,,
2026-06-12T14:59:09.141,1781269149,nicole,REACQUIRING,0.0,SEARCH,SCAN,SCAN,94.0,86.9,,
2026-06-12T14:59:09.236,1781269149,nicole,REACQUIRING,0.0,SEARCH,SCAN,SCAN,92.5,86.0,,
2026-06-12T14:59:09.339,1781269149,nicole,REACQUIRING,0.0,SEARCH,SCAN,SCAN,91.0,85.1,,
2026-06-12T14:59:09.435,1781269149,nicole,REACQUIRING,0.0,SEARCH,SCAN,SCAN,89.5,84.2,,
2026-06-12T14:59:09.542,1781269149,nicole,REACQUIRING,0.0,SEARCH,SCAN,SCAN,88.0,83.3,,
2026-06-12T14:59:09.635,1781269149,nicole,REACQUIRING,0.0,SEARCH,SCAN,SCAN,86.5,82.4,,
2026-06-12T14:59:09.736,1781269149,nicole,REACQUIRING,0.0,SEARCH,SCAN,SCAN,85.0,81.5,,
2026-06-12T14:59:09.847,1781269149,nicole,REACQUIRING,0.0,SEARCH,SCAN,SCAN,83.5,80.6,,
2026-06-12T14:59:09.944,1781269149,nicole,REACQUIRING,0.0,SEARCH,SCAN,SCAN,82.0,79.7,,
2026-06-12T14:59:10.043,1781269150,nicole,REACQUIRING,0.0,SEARCH,SCAN,SCAN,80.5,78.8,,
2026-06-12T14:59:10.137,1781269150,nicole,REACQUIRING,0.0,SEARCH,SCAN,SCAN,79.0,77.9,,
2026-06-12T14:59:10.252,1781269150,nicole,REACQUIRING,0.0,SEARCH,SCAN,SCAN,77.5,77.0,,
2026-06-12T14:59:10.340,1781269150,nicole,REACQUIRING,0.0,SEARCH,SCAN,SCAN,76.0,76.1,,
2026-06-12T14:59:10.435,1781269150,nicole,REACQUIRING,0.0,SEARCH,SCAN,SCAN,74.5,76.0,,
2026-06-12T14:59:10.542,1781269150,nicole,REACQUIRING,0.0,SEARCH,SCAN,SCAN,73.0,76.9,,
2026-06-12T14:59:10.647,1781269150,nicole,REACQUIRING,0.0,SEARCH,SCAN,SCAN,71.5,77.8,,
2026-06-12T14:59:10.741,1781269150,nicole,REACQUIRING,0.0,SEARCH,SCAN,SCAN,70.0,78.7,,
2026-06-12T14:59:10.833,1781269150,nicole,REACQUIRING,0.0,SEARCH,SCAN,SCAN,68.5,79.6,,
2026-06-12T14:59:10.945,1781269150,nicole,REACQUIRING,0.0,SEARCH,SCAN,SCAN,67.0,80.5,,
2026-06-12T14:59:11.046,1781269151,nicole,REACQUIRING,0.0,SEARCH,SCAN,SCAN,65.5,81.4,,
2026-06-12T14:59:11.137,1781269151,nicole,REACQUIRING,0.0,SEARCH,SCAN,SCAN,64.0,82.3,,
2026-06-12T14:59:11.253,1781269151,nicole,REACQUIRING,0.0,SEARCH,SCAN,SCAN,62.5,83.2,,
2026-06-12T14:59:11.344,1781269151,nicole,REACQUIRING,0.0,SEARCH,SCAN,SCAN,61.0,84.1,,
2026-06-12T14:59:11.452,1781269151,nicole,REACQUIRING,0.0,SEARCH,SCAN,SCAN,59.5,85.0,,
2026-06-12T14:59:11.561,1781269151,nicole,REACQUIRING,0.0,SEARCH,SCAN,SCAN,58.0,85.9,,
2026-06-12T14:59:11.654,1781269151,nicole,REACQUIRING,0.0,SEARCH,SCAN,SCAN,56.5,86.8,,
2026-06-12T14:59:11.742,1781269151,nicole,REACQUIRING,0.0,SEARCH,SCAN,SCAN,55.0,87.7,,
2026-06-12T14:59:11.847,1781269151,nicole,REACQUIRING,0.0,SEARCH,SCAN,SCAN,53.5,88.6,,
2026-06-12T14:59:11.955,1781269151,nicole,REACQUIRING,0.0,SEARCH,SCAN,SCAN,53.0,89.5,,
2026-06-12T14:59:12.050,1781269152,nicole,REACQUIRING,0.0,SEARCH,SCAN,SCAN,54.5,90.4,,
2026-06-12T14:59:12.145,1781269152,nicole,REACQUIRING,0.0,SEARCH,SCAN,SCAN,56.0,91.3,,
2026-06-12T14:59:12.256,1781269152,nicole,REACQUIRING,0.0,SEARCH,SCAN,SCAN,57.5,92.2,,
2026-06-12T14:59:12.359,1781269152,nicole,REACQUIRING,0.0,SEARCH,SCAN,SCAN,59.0,93.1,,
2026-06-12T14:59:12.454,1781269152,nicole,REACQUIRING,0.0,SEARCH,SCAN,SCAN,60.5,94.0,,
2026-06-12T14:59:12.551,1781269152,nicole,REACQUIRING,0.0,SEARCH,SCAN,SCAN,62.0,94.9,,
2026-06-12T14:59:12.655,1781269152,nicole,REACQUIRING,0.0,SEARCH,SCAN,SCAN,63.5,95.8,,
2026-06-12T14:59:12.760,1781269152,nicole,REACQUIRING,0.0,SEARCH,SCAN,SCAN,65.0,96.7,,
2026-06-12T14:59:12.861,1781269152,nicole,REACQUIRING,0.0,SEARCH,SCAN,SCAN,66.5,97.6,,
2026-06-12T14:59:12.971,1781269152,nicole,REACQUIRING,0.0,SEARCH,SCAN,SCAN,68.0,98.5,,
2026-06-12T14:59:13.064,1781269153,nicole,REACQUIRING,0.0,SEARCH,SCAN,SCAN,69.5,99.4,,
2026-06-12T14:59:13.164,1781269153,nicole,REACQUIRING,0.0,SEARCH,SCAN,SCAN,71.0,100.3,,
2026-06-12T14:59:13.253,1781269153,nicole,REACQUIRING,0.0,SEARCH,SCAN,SCAN,72.5,101.2,,
2026-06-12T14:59:13.358,1781269153,nicole,REACQUIRING,0.0,SEARCH,SCAN,SCAN,74.0,102.1,,
2026-06-12T14:59:13.521,1781269153,nicole,REACQUIRING,0.0,SEARCH,SCAN,SCAN,75.5,103.0,,
2026-06-12T14:59:13.552,1781269153,nicole,REACQUIRING,0.0,SEARCH,SCAN,SCAN,77.0,103.9,,
2026-06-12T14:59:13.657,1781269153,nicole,REACQUIRING,0.0,SEARCH,SCAN,SCAN,78.5,104.0,,
2026-06-12T14:59:13.760,1781269153,nicole,REACQUIRING,0.0,SEARCH,SCAN,SCAN,80.0,103.1,,
2026-06-12T14:59:13.856,1781269153,nicole,REACQUIRING,0.0,SEARCH,SCAN,SCAN,81.5,102.2,,
2026-06-12T14:59:13.946,1781269153,nicole,REACQUIRING,0.0,SEARCH,SCAN,SCAN,83.0,101.3,,
2026-06-12T14:59:14.062,1781269154,nicole,REACQUIRING,0.0,SEARCH,SCAN,SCAN,84.5,100.4,,
2026-06-12T14:59:14.231,1781269154,nicole,TRACKING,0.5858,MOVE_LEFT,LEFT,CENTERED,102.3,97.3,257,360
2026-06-12T14:59:14.315,1781269154,nicole,TRACKING,0.7264,MOVE_LEFT,LEFT,CENTERED,114.7,97.0,259,385
2026-06-12T14:59:15.114,1781269155,nicole,TRACKING,0.5593,MOVE_DOWN,CENTERED,DOWN,107.4,101.0,638,441
2026-06-12T14:59:15.825,1781269155,nicole,TRACKING,0.669,MOVE_LEFT,LEFT,CENTERED,114.6,102.6,344,426
2026-06-12T14:59:15.912,1781269155,nicole,TRACKING,0.6398,MOVE_LEFT,LEFT,CENTERED,120.2,104.2,332,432
2026-06-12T14:59:16.003,1781269156,nicole,TRACKING,0.677,MOVE_LEFT,LEFT,CENTERED,124.3,104.6,328,422
2026-06-12T14:59:16.145,1781269156,nicole,TRACKING,0.6875,MOVE_LEFT,LEFT,CENTERED,127.2,104.9,328,422
2026-06-12T14:59:16.437,1781269156,nicole,TRACKING,0.6678,MOVE_LEFT,LEFT,CENTERED,131.1,105.1,282,422
2026-06-12T14:59:16.524,1781269156,nicole,TRACKING,0.631,MOVE_LEFT,LEFT,CENTERED,134.1,105.1,278,421
2026-06-12T14:59:16.614,1781269156,nicole,TRACKING,0.5716,MOVE_LEFT,LEFT,CENTERED,136.1,105.3,279,423
2026-06-12T14:59:16.918,1781269156,nicole,TRACKING,0.62,MOVE_LEFT,LEFT,CENTERED,138.6,105.0,253,417
2026-06-12T14:59:17.532,1781269157,nicole,TRACKING,0.5959,MOVE_RIGHT,RIGHT,CENTERED,111.4,100.5,940,360
2026-06-12T14:59:17.623,1781269157,nicole,TRACKING,0.7364,MOVE_RIGHT,RIGHT,CENTERED,93.1,97.8,920,366
2026-06-12T14:59:18.898,1781269158,nicole,REACQUIRING,0.0,SEARCH,SCAN,SCAN,52.1,90.6,,
2026-06-12T14:59:18.986,1781269158,nicole,REACQUIRING,0.0,SEARCH,SCAN,SCAN,53.6,89.7,,
2026-06-12T14:59:19.087,1781269159,nicole,REACQUIRING,0.0,SEARCH,SCAN,SCAN,55.1,88.8,,
2026-06-12T14:59:19.202,1781269159,nicole,REACQUIRING,0.0,SEARCH,SCAN,SCAN,56.6,87.9,,
2026-06-12T14:59:19.294,1781269159,nicole,REACQUIRING,0.0,SEARCH,SCAN,SCAN,58.1,87.0,,
2026-06-12T14:59:19.395,1781269159,nicole,REACQUIRING,0.0,SEARCH,SCAN,SCAN,59.6,86.1,,
2026-06-12T14:59:19.482,1781269159,nicole,REACQUIRING,0.0,SEARCH,SCAN,SCAN,61.1,85.2,,
2026-06-12T14:59:19.605,1781269159,nicole,REACQUIRING,0.0,SEARCH,SCAN,SCAN,62.6,84.3,,
2026-06-12T14:59:19.697,1781269159,nicole,REACQUIRING,0.0,SEARCH,SCAN,SCAN,64.1,83.4,,
2026-06-12T14:59:19.793,1781269159,nicole,REACQUIRING,0.0,SEARCH,SCAN,SCAN,65.6,82.5,,
2026-06-12T14:59:19.904,1781269159,nicole,REACQUIRING,0.0,SEARCH,SCAN,SCAN,67.1,81.6,,
2026-06-12T14:59:20.000,1781269160,nicole,REACQUIRING,0.0,SEARCH,SCAN,SCAN,68.6,80.7,,
2026-06-12T14:59:20.097,1781269160,nicole,REACQUIRING,0.0,SEARCH,SCAN,SCAN,70.1,79.8,,
2026-06-12T14:59:20.194,1781269160,nicole,REACQUIRING,0.0,SEARCH,SCAN,SCAN,71.6,78.9,,
2026-06-12T14:59:20.306,1781269160,nicole,REACQUIRING,0.0,SEARCH,SCAN,SCAN,73.1,78.0,,
2026-06-12T14:59:20.404,1781269160,nicole,REACQUIRING,0.0,SEARCH,SCAN,SCAN,74.6,77.5,,
2026-06-12T14:59:20.494,1781269160,nicole,REACQUIRING,0.0,SEARCH,SCAN,SCAN,76.1,78.4,,
2026-06-12T14:59:20.669,1781269160,nicole,TRACKING,0.6359,MOVE_LEFT_DOWN,LEFT,DOWN,91.7,88.7,369,451
2026-06-12T14:59:20.839,1781269160,nicole,TRACKING,0.7123,MOVE_LEFT,LEFT,CENTERED,98.5,94.0,467,425
2026-06-12T14:59:20.933,1781269160,nicole,TRACKING,0.735,MOVE_LEFT,LEFT,CENTERED,103.2,97.8,468,427
2026-06-12T14:59:21.046,1781269161,nicole,TRACKING,0.7291,MOVE_LEFT,LEFT,CENTERED,106.4,100.3,470,425
2026-06-12T14:59:21.238,1781269161,nicole,TRACKING,0.6405,MOVE_LEFT,LEFT,CENTERED,108.2,99.9,481,396
2026-06-12T14:59:21.459,1781269161,nicole,TRACKING,0.677,CENTERED,CENTERED,CENTERED,104.3,100.3,604,404
2026-06-12T14:59:21.543,1781269161,nicole,TRACKING,0.7216,CENTERED,CENTERED,CENTERED,100.0,101.2,640,413
2026-06-12T14:59:21.659,1781269161,nicole,TRACKING,0.7383,CENTERED,CENTERED,CENTERED,97.4,101.7,631,412
2026-06-12T14:59:22.055,1781269162,nicole,TRACKING,0.7674,MOVE_LEFT,LEFT,CENTERED,104.5,99.6,419,379
2026-06-12T14:59:22.149,1781269162,nicole,TRACKING,0.7791,MOVE_LEFT,LEFT,CENTERED,109.3,99.0,423,390
2026-06-12T14:59:22.247,1781269162,nicole,TRACKING,0.7259,MOVE_LEFT,LEFT,CENTERED,111.5,98.2,451,386
2026-06-12T14:59:22.363,1781269162,nicole,TRACKING,0.7837,MOVE_LEFT,LEFT,CENTERED,112.7,97.5,458,383
2026-06-12T14:59:22.455,1781269162,nicole,TRACKING,0.762,MOVE_LEFT,LEFT,CENTERED,113.5,97.7,459,393
2026-06-12T14:59:22.552,1781269162,nicole,TRACKING,0.6979,MOVE_LEFT,LEFT,CENTERED,113.0,97.4,486,386
2026-06-12T14:59:22.648,1781269162,nicole,TRACKING,0.7365,MOVE_LEFT,LEFT,CENTERED,111.6,96.8,510,382
2026-06-12T14:59:22.759,1781269162,nicole,TRACKING,0.7312,CENTERED,CENTERED,CENTERED,110.2,96.0,520,377
2026-06-12T14:59:22.855,1781269162,nicole,TRACKING,0.7042,CENTERED,CENTERED,CENTERED,109.0,95.3,523,375
2026-06-12T14:59:22.951,1781269162,nicole,TRACKING,0.6779,CENTERED,CENTERED,CENTERED,108.5,94.6,517,372
2026-06-12T14:59:23.068,1781269163,nicole,TRACKING,0.6895,CENTERED,CENTERED,CENTERED,108.1,94.2,519,372
2026-06-12T14:59:23.166,1781269163,nicole,TRACKING,0.6157,CENTERED,CENTERED,CENTERED,107.6,93.3,523,365
2026-06-12T14:59:23.256,1781269163,nicole,TRACKING,0.578,CENTERED,CENTERED,CENTERED,107.5,92.3,516,360
2026-06-12T14:59:23.352,1781269163,nicole,TRACKING,0.6001,MOVE_LEFT,LEFT,CENTERED,108.4,91.6,494,360
2026-06-12T14:59:23.558,1781269163,nicole,TRACKING,0.5722,MOVE_LEFT,LEFT,CENTERED,111.4,91.1,438,360
2026-06-12T14:59:24.871,1781269164,nicole,REACQUIRING,0.0,SEARCH,SCAN,SCAN,119.9,90.9,,
2026-06-12T14:59:24.928,1781269164,nicole,REACQUIRING,0.0,SEARCH,SCAN,SCAN,121.4,91.8,,
2026-06-12T14:59:25.060,1781269165,nicole,REACQUIRING,0.0,SEARCH,SCAN,SCAN,122.9,92.7,,
2026-06-12T14:59:25.176,1781269165,nicole,TRACKING,0.5727,MOVE_LEFT,LEFT,CENTERED,120.2,94.5,469,395
2026-06-12T14:59:25.271,1781269165,nicole,TRACKING,0.5934,MOVE_LEFT,LEFT,CENTERED,118.2,96.2,474,401
2026-06-12T14:59:25.366,1781269165,nicole,TRACKING,0.5762,MOVE_LEFT,LEFT,CENTERED,116.4,98.3,481,412
2026-06-12T14:59:25.489,1781269165,nicole,TRACKING,0.6113,MOVE_LEFT,LEFT,CENTERED,115.2,99.5,481,410
2026-06-12T14:59:25.583,1781269165,nicole,TRACKING,0.7041,MOVE_LEFT,LEFT,CENTERED,114.1,100.9,486,417
2026-06-12T14:59:25.673,1781269165,nicole,TRACKING,0.6979,MOVE_LEFT,LEFT,CENTERED,113.2,102.5,490,424
2026-06-12T14:59:25.777,1781269165,nicole,TRACKING,0.7091,MOVE_LEFT,LEFT,CENTERED,112.5,103.2,491,420
2026-06-12T14:59:25.880,1781269165,nicole,TRACKING,0.7024,MOVE_LEFT,LEFT,CENTERED,111.9,104.0,494,423
2026-06-12T14:59:25.973,1781269165,nicole,TRACKING,0.6971,MOVE_LEFT,LEFT,CENTERED,111.4,105.0,496,429
2026-06-12T14:59:26.099,1781269166,nicole,TRACKING,0.6988,MOVE_LEFT_DOWN,LEFT,DOWN,111.3,106.1,491,435
2026-06-12T14:59:26.194,1781269166,nicole,TRACKING,0.6843,MOVE_LEFT_DOWN,LEFT,DOWN,111.1,107.3,494,440
2026-06-12T14:59:26.469,1781269166,nicole,TRACKING,0.6641,MOVE_LEFT_DOWN,LEFT,DOWN,110.3,108.0,509,439
2026-06-12T14:59:26.620,1781269166,nicole,TRACKING,0.6644,MOVE_DOWN,CENTERED,DOWN,109.5,109.0,513,445
2026-06-12T14:59:26.679,1781269166,nicole,TRACKING,0.7047,MOVE_DOWN,CENTERED,DOWN,108.4,109.9,528,448
2026-06-12T14:59:26.801,1781269166,nicole,TRACKING,0.6993,MOVE_DOWN,CENTERED,DOWN,106.9,110.1,546,443
2026-06-12T14:59:26.889,1781269166,nicole,TRACKING,0.6424,MOVE_DOWN,CENTERED,DOWN,105.2,110.9,559,451
2026-06-12T14:59:27.006,1781269167,nicole,TRACKING,0.623,MOVE_DOWN,CENTERED,DOWN,103.7,111.2,568,448
2026-06-12T14:59:27.084,1781269167,nicole,TRACKING,0.6288,MOVE_DOWN,CENTERED,DOWN,102.3,111.2,576,445
2026-06-12T14:59:27.185,1781269167,nicole,TRACKING,0.6448,MOVE_DOWN,CENTERED,DOWN,101.1,111.3,581,446
2026-06-12T14:59:27.299,1781269167,nicole,TRACKING,0.629,MOVE_DOWN,CENTERED,DOWN,100.2,111.3,582,445
2026-06-12T14:59:27.384,1781269167,nicole,TRACKING,0.6462,MOVE_DOWN,CENTERED,DOWN,99.3,111.3,588,445
2026-06-12T14:59:27.512,1781269167,nicole,TRACKING,0.673,MOVE_DOWN,CENTERED,DOWN,98.8,111.3,586,445
2026-06-12T14:59:27.599,1781269167,nicole,TRACKING,0.6927,MOVE_DOWN,CENTERED,DOWN,98.5,111.2,585,444
2026-06-12T14:59:27.686,1781269167,nicole,TRACKING,0.6836,MOVE_DOWN,CENTERED,DOWN,98.1,111.1,588,443
2026-06-12T14:59:27.783,1781269167,nicole,TRACKING,0.7025,MOVE_DOWN,CENTERED,DOWN,97.8,110.9,589,442
2026-06-12T14:59:27.877,1781269167,nicole,TRACKING,0.6134,MOVE_DOWN,CENTERED,DOWN,97.7,110.6,587,440
2026-06-12T14:59:27.998,1781269167,nicole,TRACKING,0.6017,MOVE_DOWN,CENTERED,DOWN,97.4,110.0,594,434
2026-06-12T14:59:28.117,1781269168,nicole,TRACKING,0.6967,MOVE_DOWN,CENTERED,DOWN,97.3,109.7,590,436
2026-06-12T14:59:28.189,1781269168,nicole,TRACKING,0.6947,MOVE_DOWN,CENTERED,DOWN,97.1,109.3,592,433
2026-06-12T14:59:28.294,1781269168,nicole,TRACKING,0.6396,CENTERED,CENTERED,CENTERED,97.0,108.9,592,432
2026-06-12T14:59:29.551,1781269169,nicole,REACQUIRING,0.0,SEARCH,SCAN,SCAN,98.2,108.9,,
2026-06-12T14:59:29.669,1781269169,nicole,REACQUIRING,0.0,SEARCH,SCAN,SCAN,99.8,109.8,,
2026-06-12T14:59:29.759,1781269169,nicole,REACQUIRING,0.0,SEARCH,SCAN,SCAN,101.2,110.7,,
2026-06-12T14:59:29.868,1781269169,nicole,REACQUIRING,0.0,SEARCH,SCAN,SCAN,102.8,111.6,,
2026-06-12T14:59:29.978,1781269169,nicole,REACQUIRING,0.0,SEARCH,SCAN,SCAN,104.2,112.5,,
2026-06-12T14:59:30.071,1781269170,nicole,REACQUIRING,0.0,SEARCH,SCAN,SCAN,105.8,113.4,,
2026-06-12T14:59:30.170,1781269170,nicole,REACQUIRING,0.0,SEARCH,SCAN,SCAN,107.2,114.3,,
2026-06-12T14:59:30.264,1781269170,nicole,REACQUIRING,0.0,SEARCH,SCAN,SCAN,108.8,115.2,,
2026-06-12T14:59:30.449,1781269170,nicole,REACQUIRING,0.0,SEARCH,SCAN,SCAN,110.2,116.1,,
2026-06-12T14:59:30.464,1781269170,nicole,REACQUIRING,0.0,SEARCH,SCAN,SCAN,111.8,117.0,,
2026-06-12T14:59:30.560,1781269170,nicole,REACQUIRING,0.0,SEARCH,SCAN,SCAN,113.2,117.9,,
2026-06-12T14:59:30.671,1781269170,nicole,REACQUIRING,0.0,SEARCH,SCAN,SCAN,114.8,118.8,,
2026-06-12T14:59:30.767,1781269170,nicole,REACQUIRING,0.0,SEARCH,SCAN,SCAN,116.2,119.7,,
2026-06-12T14:59:30.863,1781269170,nicole,REACQUIRING,0.0,SEARCH,SCAN,SCAN,117.8,120.6,,
2026-06-12T14:59:31.011,1781269171,nicole,REACQUIRING,0.0,SEARCH,SCAN,SCAN,119.2,121.5,,
2026-06-12T14:59:31.073,1781269171,nicole,REACQUIRING,0.0,SEARCH,SCAN,SCAN,120.8,122.0,,
2026-06-12T14:59:31.167,1781269171,nicole,REACQUIRING,0.0,SEARCH,SCAN,SCAN,122.2,121.1,,
2026-06-12T14:59:31.313,1781269171,nicole,REACQUIRING,0.0,SEARCH,SCAN,SCAN,123.8,120.2,,
2026-06-12T14:59:31.375,1781269171,nicole,REACQUIRING,0.0,SEARCH,SCAN,SCAN,124.8,119.3,,
2026-06-12T14:59:31.517,1781269171,nicole,REACQUIRING,0.0,SEARCH,SCAN,SCAN,123.2,118.4,,
2026-06-12T14:59:31.568,1781269171,nicole,REACQUIRING,0.0,SEARCH,SCAN,SCAN,121.8,117.5,,
2026-06-12T14:59:31.679,1781269171,nicole,REACQUIRING,0.0,SEARCH,SCAN,SCAN,120.2,116.6,,
2026-06-12T14:59:31.777,1781269171,nicole,REACQUIRING,0.0,SEARCH,SCAN,SCAN,118.8,115.7,,
2026-06-12T14:59:31.872,1781269171,nicole,REACQUIRING,0.0,SEARCH,SCAN,SCAN,117.2,114.8,,
2026-06-12T14:59:31.968,1781269171,nicole,REACQUIRING,0.0,SEARCH,SCAN,SCAN,115.8,113.9,,
2026-06-12T14:59:32.079,1781269172,nicole,REACQUIRING,0.0,SEARCH,SCAN,SCAN,114.2,113.0,,
2026-06-12T14:59:32.238,1781269172,nicole,REACQUIRING,0.0,SEARCH,SCAN,SCAN,112.8,112.1,,
2026-06-12T14:59:32.310,1781269172,nicole,REACQUIRING,0.0,SEARCH,SCAN,SCAN,111.2,111.2,,
2026-06-12T14:59:32.383,1781269172,nicole,REACQUIRING,0.0,SEARCH,SCAN,SCAN,109.8,110.3,,
2026-06-12T14:59:32.520,1781269172,nicole,REACQUIRING,0.0,SEARCH,SCAN,SCAN,108.2,109.4,,
2026-06-12T14:59:32.576,1781269172,nicole,REACQUIRING,0.0,SEARCH,SCAN,SCAN,106.8,108.5,,
2026-06-12T14:59:32.722,1781269172,nicole,REACQUIRING,0.0,SEARCH,SCAN,SCAN,105.2,107.6,,
2026-06-12T14:59:32.821,1781269172,nicole,REACQUIRING,0.0,SEARCH,SCAN,SCAN,103.8,106.7,,
2026-06-12T14:59:32.879,1781269172,nicole,REACQUIRING,0.0,SEARCH,SCAN,SCAN,102.2,105.8,,
2026-06-12T14:59:32.975,1781269172,nicole,REACQUIRING,0.0,SEARCH,SCAN,SCAN,100.8,104.9,,
2026-06-12T14:59:33.126,1781269173,nicole,REACQUIRING,0.0,SEARCH,SCAN,SCAN,99.2,104.0,,
2026-06-12T14:59:33.223,1781269173,nicole,REACQUIRING,0.0,SEARCH,SCAN,SCAN,97.8,103.1,,
2026-06-12T14:59:33.318,1781269173,nicole,REACQUIRING,0.0,SEARCH,SCAN,SCAN,96.2,102.2,,
2026-06-12T14:59:33.432,1781269173,nicole,REACQUIRING,0.0,SEARCH,SCAN,SCAN,94.8,101.3,,
2026-06-12T14:59:33.552,1781269173,nicole,REACQUIRING,0.0,SEARCH,SCAN,SCAN,93.2,100.4,,
2026-06-12T14:59:33.625,1781269173,nicole,REACQUIRING,0.0,SEARCH,SCAN,SCAN,91.8,99.5,,
2026-06-12T14:59:33.680,1781269173,nicole,REACQUIRING,0.0,SEARCH,SCAN,SCAN,90.2,98.6,,
2026-06-12T14:59:33.831,1781269173,nicole,REACQUIRING,0.0,SEARCH,SCAN,SCAN,88.8,97.7,,
2026-06-12T14:59:33.928,1781269173,nicole,REACQUIRING,0.0,SEARCH,SCAN,SCAN,87.2,96.8,,
2026-06-12T14:59:34.035,1781269174,nicole,REACQUIRING,0.0,SEARCH,SCAN,SCAN,85.8,95.9,,
2026-06-12T14:59:34.121,1781269174,nicole,REACQUIRING,0.0,SEARCH,SCAN,SCAN,84.2,95.0,,
2026-06-12T14:59:34.229,1781269174,nicole,REACQUIRING,0.0,SEARCH,SCAN,SCAN,82.8,94.1,,
2026-06-12T14:59:34.326,1781269174,nicole,REACQUIRING,0.0,SEARCH,SCAN,SCAN,81.2,94.0,,
2026-06-12T14:59:34.422,1781269174,nicole,REACQUIRING,0.0,SEARCH,SCAN,SCAN,79.8,94.9,,
2026-06-12T14:59:34.533,1781269174,nicole,REACQUIRING,0.0,SEARCH,SCAN,SCAN,78.2,95.8,,
2026-06-12T14:59:34.632,1781269174,nicole,REACQUIRING,0.0,SEARCH,SCAN,SCAN,76.8,96.7,,
2026-06-12T14:59:34.727,1781269174,nicole,REACQUIRING,0.0,SEARCH,SCAN,SCAN,75.2,97.6,,
2026-06-12T14:59:34.838,1781269174,nicole,REACQUIRING,0.0,SEARCH,SCAN,SCAN,73.8,98.5,,
2026-06-12T14:59:34.934,1781269174,nicole,REACQUIRING,0.0,SEARCH,SCAN,SCAN,72.2,99.4,,
2026-06-12T14:59:35.029,1781269175,nicole,REACQUIRING,0.0,SEARCH,SCAN,SCAN,70.8,100.3,,
2026-06-12T14:59:35.127,1781269175,nicole,REACQUIRING,0.0,SEARCH,SCAN,SCAN,69.2,101.2,,
2026-06-12T14:59:35.255,1781269175,nicole,REACQUIRING,0.0,SEARCH,SCAN,SCAN,68.8,102.1,,
2026-06-12T14:59:35.344,1781269175,nicole,REACQUIRING,0.0,SEARCH,SCAN,SCAN,70.2,103.0,,
2026-06-12T14:59:35.430,1781269175,nicole,REACQUIRING,0.0,SEARCH,SCAN,SCAN,71.8,103.9,,
2026-06-12T14:59:35.548,1781269175,nicole,REACQUIRING,0.0,SEARCH,SCAN,SCAN,73.2,104.8,,
2026-06-12T14:59:35.638,1781269175,nicole,REACQUIRING,0.0,SEARCH,SCAN,SCAN,74.8,105.7,,
2026-06-12T14:59:35.734,1781269175,nicole,TRACKING,0.5821,MOVE_DOWN,CENTERED,DOWN,82.6,106.8,562,437
2026-06-12T14:59:35.829,1781269175,nicole,TRACKING,0.5501,MOVE_DOWN,CENTERED,DOWN,88.2,107.9,560,442
2026-06-12T14:59:36.838,1781269176,nicole,TRACKING,0.5736,MOVE_DOWN,CENTERED,DOWN,92.1,108.7,561,443
2026-06-12T14:59:38.123,1781269178,nicole,REACQUIRING,0.0,SEARCH,SCAN,SCAN,102.6,111.7,,
2026-06-12T14:59:38.219,1781269178,nicole,REACQUIRING,0.0,SEARCH,SCAN,SCAN,104.1,112.5,,
2026-06-12T14:59:38.332,1781269178,nicole,REACQUIRING,0.0,SEARCH,SCAN,SCAN,105.6,113.5,,
2026-06-12T14:59:38.424,1781269178,nicole,REACQUIRING,0.0,SEARCH,SCAN,SCAN,107.1,114.3,,
2026-06-12T14:59:38.516,1781269178,nicole,REACQUIRING,0.0,SEARCH,SCAN,SCAN,108.6,115.2,,
2026-06-12T14:59:38.625,1781269178,nicole,REACQUIRING,0.0,SEARCH,SCAN,SCAN,110.1,116.2,,
2026-06-12T14:59:38.724,1781269178,nicole,REACQUIRING,0.0,SEARCH,SCAN,SCAN,111.6,117.0,,
2026-06-12T14:59:38.820,1781269178,nicole,REACQUIRING,0.0,SEARCH,SCAN,SCAN,113.1,118.0,,
2026-06-12T14:59:38.920,1781269178,nicole,REACQUIRING,0.0,SEARCH,SCAN,SCAN,114.6,118.8,,
2026-06-12T14:59:39.030,1781269179,nicole,REACQUIRING,0.0,SEARCH,SCAN,SCAN,116.1,119.8,,
2026-06-12T14:59:39.129,1781269179,nicole,REACQUIRING,0.0,SEARCH,SCAN,SCAN,117.6,120.7,,
2026-06-12T14:59:39.219,1781269179,nicole,REACQUIRING,0.0,SEARCH,SCAN,SCAN,119.1,121.5,,
2026-06-12T14:59:39.337,1781269179,nicole,REACQUIRING,0.0,SEARCH,SCAN,SCAN,120.6,122.5,,
2026-06-12T14:59:39.428,1781269179,nicole,REACQUIRING,0.0,SEARCH,SCAN,SCAN,122.1,123.4,,
2026-06-12T14:59:39.524,1781269179,nicole,REACQUIRING,0.0,SEARCH,SCAN,SCAN,123.6,124.2,,
2026-06-12T14:59:39.684,1781269179,nicole,REACQUIRING,0.0,SEARCH,SCAN,SCAN,125.1,124.8,,
2026-06-12T14:59:39.780,1781269179,nicole,REACQUIRING,0.0,SEARCH,SCAN,SCAN,126.6,123.8,,
2026-06-12T14:59:39.865,1781269179,nicole,REACQUIRING,0.0,SEARCH,SCAN,SCAN,128.1,123.0,,
2026-06-12T14:59:39.921,1781269179,nicole,REACQUIRING,0.0,SEARCH,SCAN,SCAN,129.1,122.0,,
2026-06-12T14:59:40.069,1781269180,nicole,REACQUIRING,0.0,SEARCH,SCAN,SCAN,127.6,121.2,,
2026-06-12T14:59:40.166,1781269180,nicole,REACQUIRING,0.0,SEARCH,SCAN,SCAN,126.1,120.2,,
2026-06-12T14:59:40.277,1781269180,nicole,REACQUIRING,0.0,SEARCH,SCAN,SCAN,124.6,119.3,,
2026-06-12T14:59:40.364,1781269180,nicole,REACQUIRING,0.0,SEARCH,SCAN,SCAN,123.1,118.5,,
2026-06-12T14:59:40.471,1781269180,nicole,REACQUIRING,0.0,SEARCH,SCAN,SCAN,121.6,117.5,,
2026-06-12T14:59:40.566,1781269180,nicole,REACQUIRING,0.0,SEARCH,SCAN,SCAN,120.1,116.6,,
2026-06-12T14:59:40.663,1781269180,nicole,REACQUIRING,0.0,SEARCH,SCAN,SCAN,118.6,115.8,,
2026-06-12T14:59:40.773,1781269180,nicole,REACQUIRING,0.0,SEARCH,SCAN,SCAN,117.1,114.8,,
2026-06-12T14:59:40.869,1781269180,nicole,REACQUIRING,0.0,SEARCH,SCAN,SCAN,115.6,114.0,,
2026-06-12T14:59:40.976,1781269180,nicole,REACQUIRING,0.0,SEARCH,SCAN,SCAN,114.1,113.0,,
2026-06-12T14:59:41.067,1781269181,nicole,REACQUIRING,0.0,SEARCH,SCAN,SCAN,112.6,112.1,,
2026-06-12T14:59:41.174,1781269181,nicole,REACQUIRING,0.0,SEARCH,SCAN,SCAN,111.1,111.2,,
2026-06-12T14:59:41.271,1781269181,nicole,REACQUIRING,0.0,SEARCH,SCAN,SCAN,109.6,110.3,,
2026-06-12T14:59:41.368,1781269181,nicole,REACQUIRING,0.0,SEARCH,SCAN,SCAN,108.1,109.5,,
2026-06-12T14:59:41.507,1781269181,nicole,REACQUIRING,0.0,SEARCH,SCAN,SCAN,106.6,108.5,,
2026-06-12T14:59:41.576,1781269181,nicole,REACQUIRING,0.0,SEARCH,SCAN,SCAN,105.1,107.6,,
2026-06-12T14:59:41.671,1781269181,nicole,REACQUIRING,0.0,SEARCH,SCAN,SCAN,103.6,106.8,,
2026-06-12T14:59:41.768,1781269181,nicole,REACQUIRING,0.0,SEARCH,SCAN,SCAN,102.1,105.8,,
2026-06-12T14:59:41.879,1781269181,nicole,REACQUIRING,0.0,SEARCH,SCAN,SCAN,100.6,104.9,,
2026-06-12T14:59:41.976,1781269181,nicole,REACQUIRING,0.0,SEARCH,SCAN,SCAN,99.1,104.0,,
2026-06-12T14:59:42.070,1781269182,nicole,REACQUIRING,0.0,SEARCH,SCAN,SCAN,97.6,103.1,,
2026-06-12T14:59:42.188,1781269182,nicole,REACQUIRING,0.0,SEARCH,SCAN,SCAN,96.1,102.2,,
2026-06-12T14:59:42.277,1781269182,nicole,REACQUIRING,0.0,SEARCH,SCAN,SCAN,94.6,101.3,,
2026-06-12T14:59:42.378,1781269182,nicole,REACQUIRING,0.0,SEARCH,SCAN,SCAN,93.1,100.4,,
2026-06-12T14:59:42.494,1781269182,nicole,REACQUIRING,0.0,SEARCH,SCAN,SCAN,91.6,99.5,,
2026-06-12T14:59:42.597,1781269182,nicole,TRACKING,0.5573,CENTERED,CENTERED,CENTERED,94.7,100.1,556,406
2026-06-12T14:59:42.776,1781269182,nicole,TRACKING,0.5636,CENTERED,CENTERED,CENTERED,96.4,101.4,566,418
2026-06-12T14:59:42.890,1781269182,nicole,TRACKING,0.5673,CENTERED,CENTERED,CENTERED,97.5,102.1,568,415
2026-06-12T14:59:42.984,1781269182,nicole,TRACKING,0.6178,CENTERED,CENTERED,CENTERED,98.0,102.6,574,415
2026-06-12T14:59:43.079,1781269183,nicole,TRACKING,0.6283,CENTERED,CENTERED,CENTERED,98.5,102.7,573,412
2026-06-12T14:59:43.190,1781269183,nicole,TRACKING,0.6248,CENTERED,CENTERED,CENTERED,98.5,103.2,578,417
2026-06-12T14:59:43.287,1781269183,nicole,TRACKING,0.6684,CENTERED,CENTERED,CENTERED,98.4,102.8,583,407
2026-06-12T14:59:43.383,1781269183,nicole,TRACKING,0.7415,CENTERED,CENTERED,CENTERED,98.5,102.3,578,405
2026-06-12T14:59:43.490,1781269183,nicole,TRACKING,0.7298,CENTERED,CENTERED,CENTERED,98.7,102.4,574,410
2026-06-12T14:59:43.590,1781269183,nicole,TRACKING,0.717,CENTERED,CENTERED,CENTERED,99.0,102.0,572,405
2026-06-12T14:59:43.717,1781269183,nicole,TRACKING,0.6644,CENTERED,CENTERED,CENTERED,99.2,101.6,570,403
2026-06-12T14:59:43.785,1781269183,nicole,TRACKING,0.6008,CENTERED,CENTERED,CENTERED,99.5,101.5,567,405
2026-06-12T14:59:43.898,1781269183,nicole,TRACKING,0.6721,CENTERED,CENTERED,CENTERED,100.1,101.9,559,411
2026-06-12T14:59:44.016,1781269184,nicole,TRACKING,0.6828,CENTERED,CENTERED,CENTERED,100.2,101.7,565,405
2026-06-12T14:59:44.107,1781269184,nicole,TRACKING,0.6498,CENTERED,CENTERED,CENTERED,100.4,101.9,564,409
2026-06-12T14:59:44.186,1781269184,nicole,TRACKING,0.6315,CENTERED,CENTERED,CENTERED,100.6,101.8,560,406
2026-06-12T14:59:44.296,1781269184,nicole,TRACKING,0.6567,CENTERED,CENTERED,CENTERED,100.7,101.8,562,408
2026-06-12T14:59:44.392,1781269184,nicole,TRACKING,0.6522,CENTERED,CENTERED,CENTERED,101.0,102.0,558,409
2026-06-12T14:59:44.492,1781269184,nicole,TRACKING,0.5899,CENTERED,CENTERED,CENTERED,101.1,102.2,560,411
2026-06-12T14:59:44.599,1781269184,nicole,TRACKING,0.6196,CENTERED,CENTERED,CENTERED,101.0,102.5,563,413
2026-06-12T14:59:44.720,1781269184,nicole,TRACKING,0.6464,CENTERED,CENTERED,CENTERED,100.7,102.3,568,407
2026-06-12T14:59:44.803,1781269184,nicole,TRACKING,0.6538,CENTERED,CENTERED,CENTERED,100.5,102.0,570,406
2026-06-12T14:59:44.913,1781269184,nicole,TRACKING,0.6648,CENTERED,CENTERED,CENTERED,100.4,101.7,566,403
2026-06-12T14:59:45.030,1781269185,nicole,TRACKING,0.6613,CENTERED,CENTERED,CENTERED,100.0,101.6,576,406
2026-06-12T14:59:45.103,1781269185,nicole,TRACKING,0.6307,CENTERED,CENTERED,CENTERED,99.8,101.4,573,404
2026-06-12T14:59:45.195,1781269185,nicole,TRACKING,0.6335,CENTERED,CENTERED,CENTERED,99.7,101.2,574,403
2026-06-12T14:59:45.305,1781269185,nicole,TRACKING,0.6753,CENTERED,CENTERED,CENTERED,99.6,100.6,574,396
2026-06-12T14:59:45.398,1781269185,nicole,TRACKING,0.6677,CENTERED,CENTERED,CENTERED,99.4,100.0,576,395
2026-06-12T14:59:45.506,1781269185,nicole,TRACKING,0.6581,CENTERED,CENTERED,CENTERED,99.3,99.3,575,391
2026-06-12T14:59:45.627,1781269185,nicole,TRACKING,0.6576,CENTERED,CENTERED,CENTERED,99.1,99.1,578,394
2026-06-12T14:59:45.707,1781269185,nicole,TRACKING,0.6741,CENTERED,CENTERED,CENTERED,99.0,98.9,579,394
2026-06-12T14:59:45.807,1781269185,nicole,TRACKING,0.6607,CENTERED,CENTERED,CENTERED,98.7,98.5,582,390
2026-06-12T14:59:45.895,1781269185,nicole,TRACKING,0.6112,CENTERED,CENTERED,CENTERED,98.5,98.3,583,391
2026-06-12T14:59:46.010,1781269186,nicole,TRACKING,0.6342,CENTERED,CENTERED,CENTERED,98.5,98.4,580,395
2026-06-12T14:59:46.104,1781269186,nicole,TRACKING,0.5556,CENTERED,CENTERED,CENTERED,99.6,98.6,553,396
2026-06-12T14:59:46.521,1781269186,nicole,TRACKING,0.6497,MOVE_LEFT,LEFT,CENTERED,103.0,96.0,492,360
2026-06-12T14:59:46.608,1781269186,nicole,TRACKING,0.5922,MOVE_LEFT,LEFT,CENTERED,104.9,94.2,503,360
2026-06-12T14:59:46.842,1781269186,nicole,TRACKING,0.5877,MOVE_LEFT,LEFT,CENTERED,106.9,92.9,485,360
2026-06-12T14:59:47.126,1781269187,nicole,TRACKING,0.5789,CENTERED,CENTERED,CENTERED,106.8,92.1,522,360
2026-06-12T14:59:47.246,1781269187,nicole,TRACKING,0.5948,CENTERED,CENTERED,CENTERED,106.9,91.4,518,360
2026-06-12T14:59:47.317,1781269187,nicole,TRACKING,0.5931,MOVE_LEFT,LEFT,CENTERED,107.4,91.2,509,363
2026-06-12T14:59:47.416,1781269187,nicole,TRACKING,0.5925,MOVE_LEFT,LEFT,CENTERED,107.6,90.9,511,360
2026-06-12T14:59:47.539,1781269187,nicole,TRACKING,0.6006,CENTERED,CENTERED,CENTERED,106.8,91.0,533,365
2026-06-12T14:59:47.610,1781269187,nicole,TRACKING,0.6149,CENTERED,CENTERED,CENTERED,106.1,90.7,537,360
2026-06-12T14:59:47.734,1781269187,nicole,TRACKING,0.6178,CENTERED,CENTERED,CENTERED,105.9,90.5,531,360
2026-06-12T14:59:47.820,1781269187,nicole,TRACKING,0.6009,CENTERED,CENTERED,CENTERED,105.0,90.3,547,360
2026-06-12T14:59:47.925,1781269187,nicole,TRACKING,0.5921,CENTERED,CENTERED,CENTERED,104.2,90.3,552,361
2026-06-12T14:59:48.009,1781269188,nicole,TRACKING,0.603,CENTERED,CENTERED,CENTERED,103.8,90.4,550,363
2026-06-12T14:59:48.119,1781269188,nicole,TRACKING,0.6167,CENTERED,CENTERED,CENTERED,103.6,90.3,547,360
2026-06-12T14:59:48.215,1781269188,nicole,TRACKING,0.5637,CENTERED,CENTERED,CENTERED,103.4,90.2,548,360
2026-06-12T14:59:48.328,1781269188,nicole,TRACKING,0.5989,CENTERED,CENTERED,CENTERED,103.5,90.5,543,365
2026-06-12T14:59:48.434,1781269188,nicole,TRACKING,0.6308,CENTERED,CENTERED,CENTERED,103.4,90.4,545,360
2026-06-12T14:59:48.530,1781269188,nicole,TRACKING,0.632,CENTERED,CENTERED,CENTERED,103.4,90.3,546,360
2026-06-12T14:59:48.623,1781269188,nicole,TRACKING,0.6923,CENTERED,CENTERED,CENTERED,103.2,90.5,550,364
2026-06-12T14:59:48.728,1781269188,nicole,TRACKING,0.6309,CENTERED,CENTERED,CENTERED,102.4,90.9,564,367
2026-06-12T14:59:48.829,1781269188,nicole,TRACKING,0.7567,CENTERED,CENTERED,CENTERED,101.3,91.4,577,370
2026-06-12T14:59:48.920,1781269188,nicole,TRACKING,0.8587,CENTERED,CENTERED,CENTERED,100.4,91.2,582,364
2026-06-12T14:59:49.021,1781269189,nicole,TRACKING,0.8471,CENTERED,CENTERED,CENTERED,99.6,91.2,585,365
2026-06-12T14:59:49.161,1781269189,nicole,TRACKING,0.8326,CENTERED,CENTERED,CENTERED,99.0,91.1,586,363
2026-06-12T14:59:49.227,1781269189,nicole,TRACKING,0.8251,CENTERED,CENTERED,CENTERED,98.6,90.9,586,362
2026-06-12T14:59:49.344,1781269189,nicole,TRACKING,0.7794,CENTERED,CENTERED,CENTERED,98.3,91.2,585,368
2026-06-12T14:59:49.456,1781269189,nicole,TRACKING,0.7964,CENTERED,CENTERED,CENTERED,98.2,91.0,584,362
2026-06-12T14:59:49.565,1781269189,nicole,TRACKING,0.8089,CENTERED,CENTERED,CENTERED,98.3,90.9,580,362
2026-06-12T14:59:49.640,1781269189,nicole,TRACKING,0.8031,CENTERED,CENTERED,CENTERED,98.5,90.7,576,361
2026-06-12T14:59:49.734,1781269189,nicole,TRACKING,0.7709,CENTERED,CENTERED,CENTERED,98.6,90.5,577,360
2026-06-12T14:59:49.854,1781269189,nicole,TRACKING,0.8042,CENTERED,CENTERED,CENTERED,98.7,90.3,577,360
2026-06-12T14:59:49.973,1781269189,nicole,TRACKING,0.7688,CENTERED,CENTERED,CENTERED,98.6,90.2,579,360
2026-06-12T14:59:50.182,1781269190,nicole,TRACKING,0.7845,MOVE_LEFT,LEFT,CENTERED,102.7,90.4,482,363
2026-06-12T14:59:50.246,1781269190,nicole,TRACKING,0.7888,MOVE_LEFT,LEFT,CENTERED,106.0,90.3,472,360
2026-06-12T14:59:50.344,1781269190,nicole,TRACKING,0.7791,MOVE_LEFT,LEFT,CENTERED,108.4,90.2,469,360
2026-06-12T14:59:50.451,1781269190,nicole,TRACKING,0.7156,MOVE_LEFT,LEFT,CENTERED,109.9,90.1,473,360
2026-06-12T14:59:50.579,1781269190,nicole,TRACKING,0.6977,MOVE_LEFT,LEFT,CENTERED,111.1,90.5,470,365
2026-06-12T14:59:50.650,1781269190,nicole,TRACKING,0.7146,MOVE_LEFT,LEFT,CENTERED,112.0,91.0,468,369
2026-06-12T14:59:50.751,1781269190,nicole,TRACKING,0.6439,MOVE_LEFT,LEFT,CENTERED,112.5,91.6,473,372
2026-06-12T14:59:50.842,1781269190,nicole,TRACKING,0.6369,MOVE_LEFT,LEFT,CENTERED,112.7,91.9,476,371
2026-06-12T14:59:50.940,1781269190,nicole,TRACKING,0.6217,MOVE_LEFT,LEFT,CENTERED,112.7,92.2,477,371
2026-06-12T14:59:51.038,1781269191,nicole,TRACKING,0.5852,MOVE_LEFT,LEFT,CENTERED,112.8,92.7,477,376
2026-06-12T14:59:51.130,1781269191,nicole,TRACKING,0.573,MOVE_LEFT,LEFT,CENTERED,112.8,93.1,477,376
2026-06-12T14:59:51.282,1781269191,nicole,TRACKING,0.5886,MOVE_LEFT,LEFT,CENTERED,112.9,93.4,476,376
2026-06-12T14:59:51.367,1781269191,nicole,TRACKING,0.5811,MOVE_LEFT,LEFT,CENTERED,113.0,93.6,475,376
2026-06-12T14:59:51.472,1781269191,nicole,TRACKING,0.595,MOVE_LEFT,LEFT,CENTERED,113.3,93.7,470,376
2026-06-12T14:59:51.556,1781269191,nicole,TRACKING,0.599,MOVE_LEFT,LEFT,CENTERED,113.4,93.6,471,373
2026-06-12T14:59:51.651,1781269191,nicole,TRACKING,0.58,MOVE_LEFT,LEFT,CENTERED,113.9,93.3,463,371
2026-06-12T14:59:51.736,1781269191,nicole,TRACKING,0.6079,MOVE_LEFT,LEFT,CENTERED,114.2,93.4,463,375
2026-06-12T14:59:51.839,1781269191,nicole,TRACKING,0.6089,MOVE_LEFT,LEFT,CENTERED,114.6,93.2,457,371
2026-06-12T14:59:51.945,1781269191,nicole,TRACKING,0.586,MOVE_LEFT,LEFT,CENTERED,115.0,93.0,457,370
2026-06-12T14:59:52.042,1781269192,nicole,TRACKING,0.5894,MOVE_LEFT,LEFT,CENTERED,115.4,92.9,452,370
2026-06-12T14:59:52.139,1781269192,nicole,TRACKING,0.5986,MOVE_LEFT,LEFT,CENTERED,115.7,92.5,453,366
2026-06-12T14:59:52.267,1781269192,nicole,TRACKING,0.5773,MOVE_LEFT,LEFT,CENTERED,115.9,92.5,453,370
2026-06-12T14:59:52.376,1781269192,nicole,TRACKING,0.586,MOVE_LEFT,LEFT,CENTERED,116.0,92.2,452,366
2026-06-12T14:59:54.366,1781269194,nicole,TRACKING,0.572,MOVE_LEFT,LEFT,CENTERED,116.3,92.5,449,373
2026-06-12T15:00:01.130,1781269201,nicole,REACQUIRING,0.0,SEARCH,SCAN,SCAN,115.4,92.4,,
2026-06-12T15:00:01.233,1781269201,nicole,REACQUIRING,0.0,SEARCH,SCAN,SCAN,113.9,91.5,,
2026-06-12T15:00:01.346,1781269201,nicole,REACQUIRING,0.0,SEARCH,SCAN,SCAN,112.4,90.6,,
2026-06-12T15:00:01.439,1781269201,nicole,REACQUIRING,0.0,SEARCH,SCAN,SCAN,110.9,89.7,,
2026-06-12T15:00:01.525,1781269201,nicole,REACQUIRING,0.0,SEARCH,SCAN,SCAN,109.4,88.8,,
2026-06-12T15:00:01.645,1781269201,nicole,REACQUIRING,0.0,SEARCH,SCAN,SCAN,107.9,87.9,,
2026-06-12T15:00:01.736,1781269201,nicole,REACQUIRING,0.0,SEARCH,SCAN,SCAN,106.4,87.0,,
2026-06-12T15:00:01.832,1781269201,nicole,REACQUIRING,0.0,SEARCH,SCAN,SCAN,104.9,86.1,,
2026-06-12T15:00:01.937,1781269201,nicole,REACQUIRING,0.0,SEARCH,SCAN,SCAN,103.4,85.2,,
2026-06-12T15:00:02.043,1781269202,nicole,REACQUIRING,0.0,SEARCH,SCAN,SCAN,101.9,84.3,,
2026-06-12T15:00:02.140,1781269202,nicole,REACQUIRING,0.0,SEARCH,SCAN,SCAN,100.4,83.4,,
2026-06-12T15:00:02.237,1781269202,nicole,REACQUIRING,0.0,SEARCH,SCAN,SCAN,98.9,82.5,,
2026-06-12T15:00:02.348,1781269202,nicole,TRACKING,0.6304,MOVE_LEFT,LEFT,CENTERED,105.1,87.3,429,394
2026-06-12T15:00:02.547,1781269202,nicole,TRACKING,0.6369,MOVE_LEFT,LEFT,CENTERED,108.2,90.3,460,389
2026-06-12T15:00:02.639,1781269202,nicole,TRACKING,0.6673,MOVE_LEFT,LEFT,CENTERED,110.0,92.2,468,387
2026-06-12T15:00:02.751,1781269202,nicole,TRACKING,0.6873,MOVE_LEFT,LEFT,CENTERED,111.4,93.2,464,382
2026-06-12T15:00:02.850,1781269202,nicole,TRACKING,0.7833,MOVE_LEFT,LEFT,CENTERED,113.0,93.4,450,376
2026-06-12T15:00:02.948,1781269202,nicole,TRACKING,0.7677,MOVE_LEFT,LEFT,CENTERED,114.1,93.1,451,369
2026-06-12T15:00:03.056,1781269203,nicole,TRACKING,0.8054,MOVE_LEFT,LEFT,CENTERED,114.9,93.1,450,372
2026-06-12T15:00:03.158,1781269203,nicole,TRACKING,0.8648,MOVE_LEFT,LEFT,CENTERED,115.4,93.2,451,374
2026-06-12T15:00:03.250,1781269203,nicole,TRACKING,0.8796,MOVE_LEFT,LEFT,CENTERED,115.7,93.5,452,377
2026-06-12T15:00:03.323,1781269203,nicole,TRACKING,0.8735,MOVE_LEFT,LEFT,CENTERED,115.8,93.6,455,375
2026-06-12T15:00:03.452,1781269203,nicole,TRACKING,0.8709,MOVE_LEFT,LEFT,CENTERED,115.8,93.4,456,372
2026-06-12T15:00:03.544,1781269203,nicole,TRACKING,0.8666,MOVE_LEFT,LEFT,CENTERED,115.8,93.3,457,372
2026-06-12T15:00:03.643,1781269203,nicole,TRACKING,0.8706,MOVE_LEFT,LEFT,CENTERED,115.6,93.3,460,373
2026-06-12T15:00:03.763,1781269203,nicole,TRACKING,0.8829,MOVE_LEFT,LEFT,CENTERED,115.4,93.4,463,375
2026-06-12T15:00:03.831,1781269203,nicole,TRACKING,0.8902,MOVE_LEFT,LEFT,CENTERED,115.2,93.4,465,373
2026-06-12T15:00:03.942,1781269203,nicole,TRACKING,0.8764,MOVE_LEFT,LEFT,CENTERED,114.8,93.4,471,374
2026-06-12T15:00:04.046,1781269204,nicole,TRACKING,0.8816,MOVE_LEFT,LEFT,CENTERED,114.5,93.4,469,373
2026-06-12T15:00:04.165,1781269204,nicole,TRACKING,0.8719,MOVE_LEFT,LEFT,CENTERED,114.4,93.1,469,370
2026-06-12T15:00:04.266,1781269204,nicole,TRACKING,0.8799,MOVE_LEFT,LEFT,CENTERED,114.3,92.8,468,368
2026-06-12T15:00:04.358,1781269204,nicole,TRACKING,0.8786,MOVE_LEFT,LEFT,CENTERED,114.4,92.5,466,367
2026-06-12T15:00:04.465,1781269204,nicole,TRACKING,0.8741,MOVE_LEFT,LEFT,CENTERED,114.4,92.6,465,372
2026-06-12T15:00:04.563,1781269204,nicole,TRACKING,0.8701,MOVE_LEFT,LEFT,CENTERED,114.4,92.7,467,371
2026-06-12T15:00:04.658,1781269204,nicole,TRACKING,0.8663,MOVE_LEFT,LEFT,CENTERED,114.3,92.7,469,371
2026-06-12T15:00:04.753,1781269204,nicole,TRACKING,0.8703,MOVE_LEFT,LEFT,CENTERED,114.1,92.6,471,370
2026-06-12T15:00:04.856,1781269204,nicole,TRACKING,0.8744,MOVE_LEFT,LEFT,CENTERED,113.9,92.4,473,368
2026-06-12T15:00:04.962,1781269204,nicole,TRACKING,0.8743,MOVE_LEFT,LEFT,CENTERED,113.8,92.4,472,369
2026-06-12T15:00:05.059,1781269205,nicole,TRACKING,0.8791,MOVE_LEFT,LEFT,CENTERED,113.7,92.1,475,366
2026-06-12T15:00:05.151,1781269205,nicole,TRACKING,0.8592,MOVE_LEFT,LEFT,CENTERED,113.6,92.0,473,367
2026-06-12T15:00:05.264,1781269205,nicole,TRACKING,0.8659,MOVE_LEFT,LEFT,CENTERED,113.4,91.5,477,361
2026-06-12T15:00:05.354,1781269205,nicole,TRACKING,0.847,MOVE_LEFT,LEFT,CENTERED,113.5,91.3,471,364
2026-06-12T15:00:05.471,1781269205,nicole,TRACKING,0.8437,MOVE_LEFT,LEFT,CENTERED,113.6,91.5,471,367
2026-06-12T15:00:05.569,1781269205,nicole,TRACKING,0.8415,MOVE_LEFT,LEFT,CENTERED,113.6,91.6,472,368
2026-06-12T15:00:05.661,1781269205,nicole,TRACKING,0.8407,MOVE_LEFT,LEFT,CENTERED,113.5,91.9,475,370
2026-06-12T15:00:05.749,1781269205,nicole,TRACKING,0.7971,MOVE_LEFT,LEFT,CENTERED,113.5,92.3,472,373
2026-06-12T15:00:05.874,1781269205,nicole,TRACKING,0.8331,MOVE_LEFT,LEFT,CENTERED,113.4,92.4,475,370
2026-06-12T15:00:05.949,1781269205,nicole,TRACKING,0.8477,MOVE_LEFT,LEFT,CENTERED,113.4,92.4,473,370
2026-06-12T15:00:06.069,1781269206,nicole,TRACKING,0.8398,MOVE_LEFT,LEFT,CENTERED,113.3,92.3,476,368
2026-06-12T15:00:06.169,1781269206,nicole,TRACKING,0.8337,MOVE_LEFT,LEFT,CENTERED,113.2,92.1,477,367
